case_row,actual_class,predicted_class,confidence,rank,feature,value,effect,abs_effect
0,LOW,LOW,0.9977874948160843,1,rainfall_mm,72.4,0.008152,0.008152
0,LOW,LOW,0.9977874948160843,2,drought_index,0.3704347826086955,0.008152,0.008152
0,LOW,LOW,0.9977874948160843,3,vulnerability_index,0.352,0.003704,0.003704
0,LOW,LOW,0.9977874948160843,4,season_cos,1.0,0.002277,0.002277
0,LOW,LOW,0.9977874948160843,5,heat_stress,0.0,0.001571,0.001571
0,LOW,LOW,0.9977874948160843,6,humidity_pct,68.5,-0.000862,0.000862
5,MEDIUM,MEDIUM,0.53719533974377,1,vulnerability_index,0.352,-0.19645,0.19645
5,MEDIUM,MEDIUM,0.53719533974377,2,rainfall_mm,19.7,0.156239,0.156239
5,MEDIUM,MEDIUM,0.53719533974377,3,drought_index,0.828695652173913,0.156239,0.156239
5,MEDIUM,MEDIUM,0.53719533974377,4,season_cos,-0.8660254037844387,0.149664,0.149664
5,MEDIUM,MEDIUM,0.53719533974377,5,heat_stress,0.0,-0.117424,0.117424
5,MEDIUM,MEDIUM,0.53719533974377,6,disease_cases,71.2,0.087973,0.087973
30,MEDIUM,HIGH,0.49784369818666885,1,rainfall_mm,0.0,0.375098,0.375098
30,MEDIUM,HIGH,0.49784369818666885,2,drought_index,1.0,0.375098,0.375098
30,MEDIUM,HIGH,0.49784369818666885,3,temperature_c,20.1,0.311974,0.311974
30,MEDIUM,HIGH,0.49784369818666885,4,heat_stress,0.0,-0.256642,0.256642
30,MEDIUM,HIGH,0.49784369818666885,5,season_cos,-1.0,0.155284,0.155284
30,MEDIUM,HIGH,0.49784369818666885,6,soil_ph,6.73,0.151177,0.151177
