feature,importance_mean,importance_std
heat_stress,0.21812612884076493,0.021713054718512852
rainfall_mm,0.09432266357638527,0.06620824787683538
drought_index,0.09432266357638527,0.06620824787683538
vulnerability_index,0.08799352374167639,0.06430829538714128
season_sin,0.05986866169962155,0.024994589034644965
temperature_c,0.059090290007574243,0.018224158119430036
humidity_pct,0.055412855179671684,0.02471553691642544
pest_reports,0.04648475787535796,0.02095414612569285
soil_ph,0.04496229942536297,0.011917708170243525
season_cos,0.04097711587406444,0.027561899108513407
soil_moisture,0.03255398595675226,0.011310454085003536
vegetation_index,0.02301332596235688,0.01568269457800415
disease_cases,0.014138792185189241,0.011864840640516289
disease_pressure,0.014138792185189241,0.011864840640516289
irrigation_capacity,0.012438908706646146,0.025974669690049496
water_balance,0.001768992288269111,0.010729782839516016
