feature,transformed_value,shap_value,absolute_shap
humidity_pct,-1.4222912282601894,0.9571750502676284,0.9571750502676284
rainfall_mm,-1.0731033248394015,-0.9220551680050898,0.9220551680050898
drought_index,1.0731033248394022,-0.922055168005088,0.922055168005088
vulnerability_index,-1.1434577830329988,0.4015101270191996,0.4015101270191996
season_cos,-0.7071067811865471,-0.34674512901601645,0.34674512901601645
season_sin,1.224744871391589,0.3187786894640507,0.3187786894640507
heat_stress,-0.8613368159293756,0.20352513230919395,0.20352513230919395
water_balance,-0.7268294261179165,-0.17159458901478206,0.17159458901478206
disease_pressure,0.6225083996346109,-0.15399053942674304,0.15399053942674304
disease_cases,0.6225083996346099,-0.15399053942674187,0.15399053942674187
soil_ph,-0.49392812911528683,0.109954882777503,0.109954882777503
soil_moisture,-1.0684314756265183,0.09268891634963053,0.09268891634963053
irrigation_capacity,0.6722485222435349,0.08465005487730926,0.08465005487730926
pest_reports,0.4315431893091437,0.08245612135175938,0.08245612135175938
vegetation_index,-0.2063544212616981,0.04012165510330151,0.04012165510330151
temperature_c,-0.764396311557076,0.03171925604990929,0.03171925604990929
