feature,case_value,reference_value,base_probability,changed_probability,local_effect,absolute_effect
vulnerability_index,0.352,0.528,0.6237921727824154,0.3612705002657615,0.26252167251665387,0.26252167251665387
rainfall_mm,13.4,35.15,0.6237921727824154,0.8163538474739488,-0.1925616746915334,0.1925616746915334
drought_index,0.8834782608695653,0.6943478260869566,0.6237921727824154,0.8163538474739479,-0.19256167469153251,0.19256167469153251
humidity_pct,25.4,49.7,0.6237921727824154,0.4523567193538463,0.17143545342856908,0.17143545342856908
heat_stress,0.0,0.1416666666666666,0.6237921727824154,0.4798876050239273,0.1439045677584881,0.1439045677584881
season_cos,-0.4999999999999998,-6.123233995736765e-17,0.6237921727824154,0.7093033862517988,-0.0855112134693834,0.0855112134693834
disease_pressure,0.542608695652174,0.44739130434782604,0.6237921727824154,0.6728656621803114,-0.04907348939789602,0.04907348939789602
disease_cases,62.4,51.45,0.6237921727824154,0.672865662180311,-0.049073489397895576,0.049073489397895576
water_balance,0.3332382608695652,0.4302019565217391,0.6237921727824154,0.6588409307000974,-0.03504875791768203,0.03504875791768203
temperature_c,23.8,28.7,0.6237921727824154,0.5964204853134673,0.027371687468948136,0.027371687468948136
irrigation_capacity,0.6734,0.45955,0.6237921727824154,0.6067373755592073,0.01705479722320813,0.01705479722320813
season_sin,0.8660254037844387,6.123233995736766e-17,0.6237921727824154,0.6375277304340893,-0.01373555765167389,0.01373555765167389
soil_ph,6.97,7.285,0.6237921727824154,0.6329076584316764,-0.009115485649261013,0.009115485649261013
vegetation_index,0.4641,0.50415,0.6237921727824154,0.6169252760761904,0.006866896706224979,0.006866896706224979
pest_reports,24.6,20.35,0.6237921727824154,0.6198096467354354,0.003982526046980017,0.003982526046980017
soil_moisture,0.2068,0.39344999999999997,0.6237921727824154,0.6227003799803208,0.0010917928020945933,0.0010917928020945933
