threshold,coverage,review_rate,selective_accuracy
0.5,0.9833,0.0167,0.7458
0.525,0.9583,0.0417,0.7391
0.55,0.9333,0.0667,0.75
0.575,0.8833,0.1167,0.7642
0.6,0.8167,0.1833,0.7959
0.625,0.7833,0.2167,0.8191
0.65,0.75,0.25,0.8222
0.675,0.7083,0.2917,0.8353
0.7,0.675,0.325,0.8395
0.725,0.6167,0.3833,0.8649
0.75,0.5667,0.4333,0.8971
0.775,0.5167,0.4833,0.9194
0.8,0.4917,0.5083,0.9153
0.825,0.45,0.55,0.9074
0.85,0.375,0.625,0.9111
0.875,0.3333,0.6667,0.925
0.9,0.2917,0.7083,0.9429
0.925,0.225,0.775,0.963
0.95,0.1667,0.8333,0.95
