feature,role
temperature_c,approved_model_feature
rainfall_mm,approved_model_feature
humidity_pct,approved_model_feature
soil_moisture,approved_model_feature
soil_ph,approved_model_feature
vegetation_index,approved_model_feature
disease_cases,approved_model_feature
pest_reports,approved_model_feature
irrigation_capacity,approved_model_feature
vulnerability_index,approved_model_feature
drought_index,approved_model_feature
heat_stress,approved_model_feature
disease_pressure,approved_model_feature
water_balance,approved_model_feature
season_sin,approved_model_feature
season_cos,approved_model_feature
future_loss_index,prohibited_post_outcome
response_action_code,prohibited_post_outcome
risk_label,target
region_id,identifier_or_context
year,identifier_or_context
month,identifier_or_context
region_name,identifier_or_context
climate_band,identifier_or_context
