region_id,year,month,disease_cases,pest_reports
R01,2019,1,57.6,20.3
R01,2019,2,68.6,13.5
R01,2019,3,33.1,37.9
R01,2019,4,76.5,15.6
R01,2019,5,57.5,28.2
R01,2019,6,56.3,17.2
R01,2019,7,58.9,7.2
R01,2019,8,37.5,11.9
R01,2019,9,30.9,10.0
R01,2019,10,38.1,16.3
R01,2019,11,26.8,26.4
R01,2019,12,35.4,22.3
R01,2020,1,53.1,29.8
R01,2020,2,31.2,35.1
R01,2020,3,54.8,36.7
R01,2020,4,55.8,23.6
R01,2020,5,86.2,17.8
R01,2020,6,68.6,16.3
R01,2020,7,48.7,13.6
R01,2020,8,49.7,6.5
R01,2020,9,20.2,8.0
R01,2020,10,38.5,14.2
R01,2020,11,53.2,30.4
R01,2020,12,35.4,18.1
R01,2021,1,36.0,43.2
R01,2021,2,67.6,31.8
R01,2021,3,44.9,26.9
R01,2021,4,70.6,22.0
R01,2021,5,73.6,38.5
R01,2021,6,35.8,7.8
R01,2021,7,29.3,25.9
R01,2021,8,52.6,10.9
R01,2021,9,35.5,6.5
R01,2021,10,50.4,13.0
R01,2021,11,38.6,24.9
R01,2021,12,47.2,22.1
R01,2022,1,57.7,33.3
R01,2022,2,87.7,32.7
R01,2022,3,77.0,25.3
R01,2022,4,52.4,29.2
R01,2022,5,60.1,8.6
R01,2022,6,45.1,15.3
R01,2022,7,34.8,24.9
R01,2022,8,44.2,23.0
R01,2022,9,39.0,13.7
R01,2022,10,23.0,16.1
R01,2022,11,42.7,9.1
R01,2022,12,41.9,21.4
R01,2023,1,63.7,30.6
R01,2023,2,54.3,31.8
R01,2023,3,62.3,4.0
R01,2023,4,55.7,32.6
R01,2023,5,32.3,20.9
R01,2023,6,73.8,9.9
R01,2023,7,42.5,2.6
R01,2023,8,61.4,11.3
R01,2023,9,35.7,23.9
R01,2023,10,46.9,9.0
R01,2023,11,32.8,24.0
R01,2023,12,40.6,7.1
R01,2024,1,56.7,15.1
R01,2024,2,87.2,29.4
R01,2024,3,51.4,21.3
R01,2024,4,34.6,15.2
R01,2024,5,72.7,37.9
R01,2024,6,60.9,15.3
R01,2024,7,36.0,5.4
R01,2024,8,67.9,10.5
R01,2024,9,66.7,24.2
R01,2024,10,10.9,10.7
R01,2024,11,32.5,19.4
R01,2024,12,49.1,48.0
R01,2025,1,41.3,28.8
R01,2025,2,72.2,28.0
R01,2025,3,66.7,18.6
R01,2025,4,64.6,28.1
R01,2025,5,62.4,24.6
R01,2025,6,71.2,23.5
R01,2025,7,43.6,3.7
R01,2025,8,28.0,10.2
R01,2025,9,38.8,9.2
R01,2025,10,23.0,6.5
R01,2025,11,17.7,18.1
R01,2025,12,28.0,16.0
R02,2019,1,51.6,16.2
R02,2019,2,68.7,33.9
R02,2019,3,56.8,23.4
R02,2019,4,71.1,18.3
R02,2019,5,45.8,29.6
R02,2019,6,63.3,20.8
R02,2019,7,56.4,0.0
R02,2019,8,57.3,15.1
R02,2019,9,50.2,16.2
R02,2019,10,37.7,13.8
R02,2019,11,48.0,17.5
R02,2019,12,63.0,11.3
R02,2020,1,49.4,43.3
R02,2020,2,53.6,26.1
R02,2020,3,51.8,29.6
R02,2020,4,51.9,22.5
R02,2020,5,70.2,
R02,2020,6,61.8,22.6
R02,2020,7,58.3,14.2
R02,2020,8,85.6,20.4
R02,2020,9,39.9,6.1
R02,2020,10,35.6,27.4
R02,2020,11,68.1,31.8
R02,2020,12,61.8,14.0
R02,2021,1,64.8,17.0
R02,2021,2,40.7,29.9
R02,2021,3,72.8,34.2
R02,2021,4,70.4,28.3
R02,2021,5,42.7,19.2
R02,2021,6,27.4,0.0
R02,2021,7,53.6,7.0
R02,2021,8,50.1,20.9
R02,2021,9,25.7,17.8
R02,2021,10,27.1,1.2
R02,2021,11,44.3,16.2
R02,2021,12,43.4,39.8
R02,2022,1,34.6,30.0
R02,2022,2,48.1,35.3
R02,2022,3,69.5,30.0
R02,2022,4,48.8,17.9
R02,2022,5,71.4,34.2
R02,2022,6,57.2,8.8
R02,2022,7,47.6,32.5
R02,2022,8,38.5,23.7
R02,2022,9,23.9,12.7
R02,2022,10,46.3,19.2
R02,2022,11,31.0,13.5
R02,2022,12,64.8,33.5
R02,2023,1,80.2,41.4
R02,2023,2,65.0,25.5
R02,2023,3,85.3,32.6
R02,2023,4,48.3,15.7
R02,2023,5,64.9,18.6
R02,2023,6,49.6,24.6
R02,2023,7,53.9,23.7
R02,2023,8,8.0,14.0
R02,2023,9,45.4,0.9
R02,2023,10,27.2,9.3
R02,2023,11,42.8,33.0
R02,2023,12,80.3,17.5
R02,2024,1,65.4,31.4
R02,2024,2,68.8,31.2
R02,2024,3,69.6,40.4
R02,2024,4,79.5,15.5
R02,2024,5,69.4,27.1
R02,2024,6,54.7,25.1
R02,2024,7,45.3,14.7
R02,2024,8,38.8,0.0
R02,2024,9,33.8,7.7
R02,2024,10,19.2,27.5
R02,2024,11,50.1,19.8
R02,2024,12,41.5,26.4
R02,2025,1,72.4,20.3
R02,2025,2,62.9,34.9
R02,2025,3,36.0,26.5
R02,2025,4,56.6,22.9
R02,2025,5,50.0,21.1
R02,2025,6,78.9,13.4
R02,2025,7,46.9,29.0
R02,2025,8,28.8,26.5
R02,2025,9,35.1,27.3
R02,2025,10,48.3,18.5
R02,2025,11,41.5,15.0
R02,2025,12,51.1,31.2
R03,2019,1,57.3,24.4
R03,2019,2,59.2,35.9
R03,2019,3,83.4,21.6
R03,2019,4,53.0,27.0
R03,2019,5,80.4,29.2
R03,2019,6,31.2,13.9
R03,2019,7,28.5,10.9
R03,2019,8,61.1,0.6
R03,2019,9,10.7,6.4
R03,2019,10,41.3,21.0
R03,2019,11,49.1,29.4
R03,2019,12,23.6,33.5
R03,2020,1,52.8,32.8
R03,2020,2,43.1,28.0
R03,2020,3,68.5,36.2
R03,2020,4,39.2,24.2
R03,2020,5,41.2,24.0
R03,2020,6,61.7,26.3
R03,2020,7,34.5,20.5
R03,2020,8,57.4,0.0
R03,2020,9,44.2,20.7
R03,2020,10,33.1,6.3
R03,2020,11,56.6,10.4
R03,2020,12,47.3,23.7
R03,2021,1,68.2,21.9
R03,2021,2,52.7,28.8
R03,2021,3,80.1,45.2
R03,2021,4,40.4,26.5
R03,2021,5,41.2,28.2
R03,2021,6,35.9,10.6
R03,2021,7,33.7,12.5
R03,2021,8,41.9,15.9
R03,2021,9,34.9,2.4
R03,2021,10,47.9,15.6
R03,2021,11,59.9,14.3
R03,2021,12,26.0,23.7
R03,2022,1,76.9,28.2
R03,2022,2,60.0,21.0
R03,2022,3,91.4,18.7
R03,2022,4,52.1,28.6
R03,2022,5,29.7,30.2
R03,2022,6,59.4,23.2
R03,2022,7,50.9,11.8
R03,2022,8,21.1,10.9
R03,2022,9,20.4,17.0
R03,2022,10,49.1,27.8
R03,2022,11,48.1,27.4
R03,2022,12,45.5,20.2
R03,2023,1,64.6,23.8
R03,2023,2,67.0,19.5
R03,2023,3,51.8,32.0
R03,2023,4,76.3,16.1
R03,2023,5,67.6,15.7
R03,2023,6,50.2,27.3
R03,2023,7,54.6,19.4
R03,2023,8,65.6,6.4
R03,2023,9,20.2,7.3
R03,2023,10,33.2,0.0
R03,2023,11,39.4,15.6
R03,2023,12,61.8,26.8
R03,2024,1,48.5,31.6
R03,2024,2,73.8,21.9
R03,2024,3,57.6,9.1
R03,2024,4,46.6,18.1
R03,2024,5,58.6,12.4
R03,2024,6,42.3,6.2
R03,2024,7,45.1,16.5
R03,2024,8,43.0,12.1
R03,2024,9,11.9,8.1
R03,2024,10,30.9,12.8
R03,2024,11,43.6,31.4
R03,2024,12,62.2,16.1
R03,2025,1,67.7,32.1
R03,2025,2,50.9,34.8
R03,2025,3,62.6,15.6
R03,2025,4,69.8,25.7
R03,2025,5,54.1,19.7
R03,2025,6,39.2,20.9
R03,2025,7,41.8,14.4
R03,2025,8,42.4,2.8
R03,2025,9,21.6,0.0
R03,2025,10,45.5,6.3
R03,2025,11,44.5,23.0
R03,2025,11,44.5,23.0
R03,2025,12,59.0,14.4
R04,2019,1,56.5,40.3
R04,2019,2,88.7,35.9
R04,2019,3,70.1,18.9
R04,2019,4,73.8,22.7
R04,2019,5,65.9,14.9
R04,2019,6,47.4,17.3
R04,2019,7,46.2,17.0
R04,2019,8,28.3,1.3
R04,2019,9,59.4,33.0
R04,2019,10,43.7,5.4
R04,2019,11,30.9,24.1
R04,2019,12,70.1,14.3
R04,2020,1,55.6,28.5
R04,2020,2,76.0,25.3
R04,2020,3,41.5,31.9
R04,2020,4,79.9,23.3
R04,2020,5,63.6,16.2
R04,2020,6,37.3,24.2
R04,2020,7,48.3,17.0
R04,2020,8,59.5,3.6
R04,2020,9,26.7,14.3
R04,2020,10,28.5,22.3
R04,2020,11,39.7,12.1
R04,2020,12,51.0,25.4
R04,2021,1,71.5,30.1
R04,2021,2,69.9,30.6
R04,2021,3,62.2,21.2
R04,2021,4,67.3,21.3
R04,2021,5,82.8,30.7
R04,2021,6,59.5,19.0
R04,2021,7,41.2,3.0
R04,2021,8,33.8,12.8
R04,2021,9,38.4,16.8
R04,2021,10,50.8,10.5
R04,2021,11,32.3,31.6
R04,2021,12,61.6,20.9
R04,2022,1,55.9,26.1
R04,2022,2,63.5,31.8
R04,2022,3,103.0,28.4
R04,2022,4,72.9,10.5
R04,2022,5,50.2,29.8
R04,2022,6,56.0,0.0
R04,2022,7,52.6,28.4
R04,2022,8,7.1,24.2
R04,2022,9,0.0,20.6
R04,2022,10,36.9,0.0
R04,2022,11,49.2,29.2
R04,2022,12,55.5,28.7
R04,2023,1,51.3,12.0
R04,2023,2,73.4,42.0
R04,2023,3,81.9,11.0
R04,2023,4,40.3,17.2
R04,2023,5,33.6,20.4
R04,2023,6,55.9,4.6
R04,2023,7,54.2,17.9
R04,2023,8,28.8,10.6
R04,2023,9,5.8,10.4
R04,2023,10,37.1,17.3
R04,2023,11,48.2,22.0
R04,2023,12,46.0,26.3
R04,2024,1,72.5,26.2
R04,2024,2,67.8,26.5
R04,2024,3,55.3,31.1
R04,2024,4,54.7,27.1
R04,2024,5,57.9,17.6
R04,2024,6,45.1,11.9
R04,2024,7,17.8,16.1
R04,2024,8,40.5,18.8
R04,2024,9,27.0,28.2
R04,2024,10,31.3,9.0
R04,2024,11,27.6,6.1
R04,2024,12,73.0,35.0
R04,2025,1,66.5,19.8
R04,2025,2,90.2,25.2
R04,2025,3,61.0,38.4
R04,2025,4,72.9,41.6
R04,2025,5,61.2,16.8
R04,2025,6,40.8,1.2
R04,2025,7,38.3,22.2
R04,2025,8,46.0,12.2
R04,2025,9,20.1,14.9
R04,2025,10,52.2,19.4
R04,2025,11,45.0,13.6
R04,2025,12,63.0,0.0
R05,2019,1,63.2,47.5
R05,2019,2,40.4,26.1
R05,2019,3,64.9,23.2
R05,2019,4,78.5,27.8
R05,2019,5,59.8,26.4
R05,2019,6,50.3,41.4
R05,2019,7,44.8,14.6
R05,2019,8,11.4,7.7
R05,2019,9,52.2,2.4
R05,2019,10,4.6,16.3
R05,2019,11,63.1,20.3
R05,2019,12,45.0,9.1
R05,2020,1,64.3,32.2
R05,2020,2,36.3,37.1
R05,2020,3,76.5,36.0
R05,2020,4,71.7,29.2
R05,2020,5,65.3,26.9
R05,2020,6,22.7,4.0
R05,2020,7,31.5,12.0
R05,2020,8,42.8,14.6
R05,2020,9,51.8,22.3
R05,2020,10,23.9,17.9
R05,2020,11,29.8,18.5
R05,2020,12,54.8,0.0
R05,2021,1,93.7,31.5
R05,2021,2,54.1,43.4
R05,2021,3,59.8,28.0
R05,2021,4,55.7,37.2
R05,2021,5,55.9,21.2
R05,2021,6,68.1,20.7
R05,2021,7,41.7,22.0
R05,2021,8,75.1,14.5
R05,2021,9,36.8,14.4
R05,2021,10,56.7,11.2
R05,2021,11,38.3,7.7
R05,2021,12,32.2,19.9
R05,2022,1,56.7,41.1
R05,2022,2,71.0,20.7
R05,2022,3,54.1,37.9
R05,2022,4,79.9,24.2
R05,2022,5,50.9,29.0
R05,2022,6,35.1,19.1
R05,2022,7,76.6,14.7
R05,2022,8,25.4,15.3
R05,2022,9,27.9,1.9
R05,2022,10,47.5,24.9
R05,2022,11,37.8,17.0
R05,2022,12,35.6,22.8
R05,2023,1,49.1,18.8
R05,2023,2,91.4,31.7
R05,2023,3,73.6,34.0
R05,2023,4,74.6,20.7
R05,2023,5,61.6,17.8
R05,2023,6,56.6,18.7
R05,2023,7,36.8,2.4
R05,2023,8,39.2,10.4
R05,2023,9,6.6,17.1
R05,2023,10,51.5,36.2
R05,2023,11,36.6,15.7
R05,2023,12,33.4,25.7
R05,2024,1,60.5,20.4
R05,2024,2,60.4,12.2
R05,2024,3,78.9,20.8
R05,2024,4,62.5,12.6
R05,2024,5,48.8,17.8
R05,2024,6,49.8,19.8
R05,2024,7,64.1,18.9
R05,2024,8,51.4,23.6
R05,2024,9,43.5,12.8
R05,2024,10,52.1,24.6
R05,2024,11,52.2,8.4
R05,2024,12,37.4,21.8
R05,2025,1,69.2,26.8
R05,2025,2,80.0,38.5
R05,2025,3,83.0,36.6
R05,2025,4,47.4,27.9
R05,2025,5,48.4,6.8
R05,2025,6,45.7,26.6
R05,2025,7,49.4,29.2
R05,2025,8,39.7,31.6
R05,2025,9,37.7,13.3
R05,2025,10,17.8,24.9
R05,2025,11,35.0,14.8
R05,2025,12,69.2,33.3
R06,2019,1,74.5,24.0
R06,2019,2,62.2,27.5
R06,2019,3,76.7,39.4
R06,2019,4,68.5,39.8
R06,2019,5,71.0,18.1
R06,2019,6,62.4,29.6
R06,2019,7,72.5,22.6
R06,2019,8,37.4,10.3
R06,2019,9,43.6,26.5
R06,2019,10,43.5,19.6
R06,2019,11,43.3,17.4
R06,2019,12,47.6,25.1
R06,2020,1,83.3,25.0
R06,2020,2,63.8,21.1
R06,2020,3,75.7,37.9
R06,2020,4,87.4,25.6
R06,2020,5,66.1,18.8
R06,2020,6,57.9,18.5
R06,2020,7,43.4,14.2
R06,2020,8,43.8,9.6
R06,2020,9,31.4,26.7
R06,2020,10,77.7,6.4
R06,2020,11,23.6,12.3
R06,2020,12,48.5,31.2
R06,2021,1,66.4,28.3
R06,2021,2,70.9,22.5
R06,2021,3,61.3,26.8
R06,2021,4,39.2,14.7
R06,2021,5,40.7,26.1
R06,2021,6,53.7,20.9
R06,2021,7,14.9,1.2
R06,2021,8,47.0,0.0
R06,2021,9,53.4,0.0
R06,2021,10,49.7,8.9
R06,2021,11,58.2,45.7
R06,2021,12,15.9,29.6
R06,2022,1,30.4,30.3
R06,2022,2,59.9,29.0
R06,2022,3,51.3,33.2
R06,2022,4,41.3,33.9
R06,2022,5,51.4,8.8
R06,2022,6,73.9,15.5
R06,2022,7,71.1,22.8
R06,2022,8,25.0,11.3
R06,2022,9,36.8,25.3
R06,2022,10,43.6,17.4
R06,2022,11,39.5,19.6
R06,2022,12,69.6,24.0
R06,2023,1,51.6,22.4
R06,2023,2,54.7,16.8
R06,2023,3,53.7,38.9
R06,2023,4,59.9,29.6
R06,2023,5,20.3,24.5
R06,2023,6,47.6,12.1
R06,2023,7,45.2,9.1
R06,2023,8,5.2,19.4
R06,2023,9,38.6,10.6
R06,2023,10,22.5,4.2
R06,2023,11,45.9,32.9
R06,2023,12,53.0,12.9
R06,2024,1,60.9,26.5
R06,2024,2,76.0,32.9
R06,2024,3,20.2,31.3
R06,2024,4,47.9,12.6
R06,2024,5,54.7,23.3
R06,2024,6,25.4,21.6
R06,2024,7,54.0,13.4
R06,2024,8,24.0,4.2
R06,2024,9,50.4,1.0
R06,2024,10,53.0,14.7
R06,2024,11,41.1,6.3
R06,2024,12,47.8,28.9
R06,2025,1,37.5,30.9
R06,2025,2,64.3,22.8
R06,2025,3,77.8,9.3
R06,2025,4,68.2,37.0
R06,2025,5,79.1,23.1
R06,2025,6,45.5,10.9
R06,2025,7,38.0,17.4
R06,2025,8,24.9,18.1
R06,2025,9,67.0,12.6
R06,2025,10,16.8,5.2
R06,2025,11,54.1,19.5
R06,2025,12,63.2,19.7
R07,2019,1,70.0,25.7
R07,2019,2,52.0,24.8
R07,2019,3,47.0,42.8
R07,2019,4,61.5,29.2
R07,2019,5,49.4,11.6
R07,2019,6,46.5,24.8
R07,2019,7,34.7,6.1
R07,2019,8,39.3,16.0
R07,2019,9,59.6,15.9
R07,2019,10,46.7,21.8
R07,2019,11,25.2,12.3
R07,2019,12,33.7,13.3
R07,2020,1,69.4,29.2
R07,2020,2,64.2,7.3
R07,2020,3,95.8,19.8
R07,2020,4,93.8,12.4
R07,2020,5,45.3,2.4
R07,2020,6,55.4,7.2
R07,2020,7,26.4,2.1
R07,2020,8,48.7,17.7
R07,2020,9,62.2,7.6
R07,2020,10,40.3,5.7
R07,2020,11,37.5,15.8
R07,2020,12,57.0,32.1
R07,2021,1,72.4,20.2
R07,2021,2,78.0,27.6
R07,2021,3,60.1,21.3
R07,2021,4,54.6,37.9
R07,2021,5,62.1,21.4
R07,2021,6,46.1,35.6
R07,2021,7,62.1,7.3
R07,2021,8,32.9,10.3
R07,2021,9,37.2,7.5
R07,2021,10,43.6,27.6
R07,2021,11,22.8,11.0
R07,2021,12,42.8,20.5
R07,2022,1,87.5,34.9
R07,2022,2,77.2,25.9
R07,2022,3,60.7,15.3
R07,2022,4,74.7,27.9
R07,2022,5,76.8,18.3
R07,2022,6,47.9,17.4
R07,2022,7,55.9,1.3
R07,2022,8,48.1,11.8
R07,2022,9,19.1,0.0
R07,2022,10,35.0,27.6
R07,2022,11,67.6,22.8
R07,2022,12,79.4,23.7
R07,2023,1,71.8,23.3
R07,2023,2,55.3,22.6
R07,2023,3,34.1,37.2
R07,2023,4,53.4,17.6
R07,2023,5,39.8,18.4
R07,2023,6,76.5,32.8
R07,2023,7,17.6,10.2
R07,2023,8,21.5,19.9
R07,2023,9,39.3,8.0
R07,2023,10,38.1,12.2
R07,2023,11,66.7,24.4
R07,2023,12,60.0,2.7
R07,2024,1,56.5,43.6
R07,2024,2,82.9,13.2
R07,2024,3,60.3,17.3
R07,2024,4,88.7,26.0
R07,2024,5,46.0,20.3
R07,2024,6,10.9,7.3
R07,2024,7,43.0,19.8
R07,2024,8,7.9,9.0
R07,2024,9,50.1,1.5
R07,2024,10,40.4,16.5
R07,2024,11,68.2,18.2
R07,2024,12,47.4,30.8
R07,2025,1,37.6,25.2
R07,2025,2,56.2,26.9
R07,2025,3,77.7,31.4
R07,2025,4,51.8,25.1
R07,2025,5,79.9,13.3
R07,2025,6,52.2,14.5
R07,2025,7,41.6,0.0
R07,2025,8,58.2,5.8
R07,2025,9,50.4,8.1
R07,2025,10,27.6,25.7
R07,2025,11,57.4,21.7
R07,2025,12,61.4,21.7
R08,2019,1,57.4,21.6
R08,2019,2,76.6,22.5
R08,2019,3,87.3,24.4
R08,2019,4,63.3,30.1
R08,2019,5,57.9,17.6
R08,2019,6,49.5,23.2
R08,2019,7,32.6,12.1
R08,2019,8,37.2,18.9
R08,2019,9,33.5,27.5
R08,2019,10,34.7,14.1
R08,2019,11,39.9,9.5
R08,2019,12,34.4,19.8
R08,2020,1,74.5,26.7
R08,2020,2,55.7,37.8
R08,2020,3,88.3,37.0
R08,2020,4,50.2,20.0
R08,2020,5,84.7,21.9
R08,2020,6,46.0,21.7
R08,2020,7,57.6,8.5
R08,2020,8,40.3,19.4
R08,2020,9,17.6,13.2
R08,2020,10,20.3,8.1
R08,2020,11,34.1,23.8
R08,2020,12,45.2,18.8
R08,2021,1,58.3,17.8
R08,2021,2,69.4,37.1
R08,2021,3,63.8,25.3
R08,2021,4,68.6,7.8
R08,2021,5,65.6,44.8
R08,2021,6,48.2,15.0
R08,2021,7,53.7,26.2
R08,2021,8,51.6,0.0
R08,2021,9,43.5,33.6
R08,2021,10,46.3,6.8
R08,2021,11,46.7,9.8
R08,2021,12,68.5,16.4
R08,2022,1,58.6,20.1
R08,2022,2,54.8,39.9
R08,2022,3,66.6,22.5
R08,2022,4,45.8,9.0
R08,2022,5,38.7,20.9
R08,2022,6,64.7,11.5
R08,2022,7,66.1,7.3
R08,2022,8,33.4,3.4
R08,2022,9,49.9,29.9
R08,2022,10,10.6,13.2
R08,2022,11,61.5,8.4
R08,2022,12,58.5,33.8
R08,2023,1,58.7,31.3
R08,2023,2,89.4,43.6
R08,2023,3,64.1,22.7
R08,2023,4,49.2,31.8
R08,2023,5,36.9,18.0
R08,2023,6,51.5,12.0
R08,2023,7,46.7,33.6
R08,2023,8,35.2,8.5
R08,2023,9,50.2,15.0
R08,2023,10,58.6,17.3
R08,2023,11,38.8,5.7
R08,2023,12,25.7,9.3
R08,2024,1,63.2,16.0
R08,2024,2,81.8,28.2
R08,2024,3,61.3,20.2
R08,2024,4,72.3,17.6
R08,2024,5,42.7,29.5
R08,2024,6,55.3,14.1
R08,2024,7,52.1,13.1
R08,2024,8,42.8,5.5
R08,2024,9,66.1,8.4
R08,2024,10,60.3,14.5
R08,2024,11,54.6,25.9
R08,2024,12,67.2,17.3
R08,2025,1,73.6,41.7
R08,2025,2,59.1,28.3
R08,2025,3,57.1,24.2
R08,2025,4,88.7,16.0
R08,2025,5,43.4,32.9
R08,2025,6,59.4,33.0
R08,2025,7,35.7,14.1
R08,2025,8,27.1,13.1
R08,2025,9,8.4,18.6
R08,2025,10,41.9,15.5
R08,2025,11,36.6,12.8
R08,2025,12,60.9,14.6
R09,2019,1,65.2,43.5
R09,2019,2,85.3,16.0
R09,2019,3,56.9,30.3
R09,2019,4,61.9,12.8
R09,2019,5,63.3,19.9
R09,2019,6,78.7,14.0
R09,2019,7,60.0,2.9
R09,2019,8,21.6,17.8
R09,2019,9,51.3,5.4
R09,2019,10,37.4,4.9
R09,2019,11,39.8,26.7
R09,2019,12,43.5,22.0
R09,2020,1,40.6,21.7
R09,2020,2,89.4,28.6
R09,2020,3,50.0,24.4
R09,2020,4,39.0,15.9
R09,2020,5,77.9,18.9
R09,2020,6,78.4,15.2
R09,2020,7,42.0,18.2
R09,2020,8,0.0,13.6
R09,2020,9,34.3,25.0
R09,2020,10,51.5,6.9
R09,2020,11,61.1,17.9
R09,2020,12,36.4,25.6
R09,2021,1,54.5,39.2
R09,2021,2,68.1,29.6
R09,2021,3,78.5,35.7
R09,2021,4,74.7,35.4
R09,2021,5,66.6,21.3
R09,2021,6,68.6,15.3
R09,2021,7,43.0,26.8
R09,2021,8,61.3,11.9
R09,2021,9,28.2,24.8
R09,2021,10,49.0,18.5
R09,2021,11,37.7,22.7
R09,2021,12,49.7,18.7
R09,2022,1,59.4,29.1
R09,2022,2,57.4,35.2
R09,2022,3,84.3,34.7
R09,2022,4,58.8,30.0
R09,2022,5,58.7,10.1
R09,2022,6,60.1,17.2
R09,2022,7,81.4,24.7
R09,2022,8,47.7,14.0
R09,2022,9,37.5,5.0
R09,2022,10,10.9,9.0
R09,2022,11,41.8,3.2
R09,2022,12,41.8,22.0
R09,2023,1,54.3,21.6
R09,2023,2,57.9,41.8
R09,2023,3,74.9,22.4
R09,2023,4,62.0,23.8
R09,2023,5,46.0,13.8
R09,2023,6,65.2,12.6
R09,2023,7,26.1,12.7
R09,2023,8,38.8,0.0
R09,2023,9,34.4,20.0
R09,2023,10,43.8,33.8
R09,2023,11,61.3,31.6
R09,2023,12,92.0,30.1
R09,2024,1,59.9,34.7
R09,2024,2,54.6,28.9
R09,2024,3,55.3,30.1
R09,2024,4,53.2,18.5
R09,2024,5,63.7,18.9
R09,2024,6,21.1,4.4
R09,2024,7,25.3,6.0
R09,2024,8,43.2,13.8
R09,2024,9,51.0,19.1
R09,2024,10,53.1,20.9
R09,2024,11,45.6,28.8
R09,2024,12,63.8,27.0
R09,2025,1,76.6,8.2
R09,2025,2,58.6,25.6
R09,2025,3,82.3,39.5
R09,2025,4,41.2,35.3
R09,2025,5,39.9,10.9
R09,2025,6,46.5,13.5
R09,2025,7,19.1,18.3
R09,2025,8,47.2,20.4
R09,2025,9,28.5,12.8
R09,2025,10,36.6,29.5
R09,2025,11,0.0,12.3
R09,2025,12,50.1,15.3
R10,2019,1,53.6,25.9
R10,2019,2,53.1,28.5
R10,2019,3,74.4,25.0
R10,2019,4,56.2,22.7
R10,2019,5,57.4,6.1
R10,2019,6,56.9,12.4
R10,2019,7,61.4,17.8
R10,2019,8,54.6,3.9
R10,2019,9,29.4,3.1
R10,2019,10,26.4,26.0
R10,2019,11,64.8,10.8
R10,2019,12,43.1,23.4
R10,2020,1,66.3,12.8
R10,2020,2,38.9,31.9
R10,2020,3,35.8,23.4
R10,2020,4,65.4,27.3
R10,2020,5,55.4,17.1
R10,2020,6,62.7,18.3
R10,2020,7,32.8,13.4
R10,2020,8,42.8,25.7
R10,2020,9,46.8,22.8
R10,2020,10,27.9,11.8
R10,2020,11,39.0,18.9
R10,2020,12,34.9,34.1
R10,2021,1,70.8,24.5
R10,2021,2,72.6,29.8
R10,2021,3,75.8,16.2
R10,2021,4,60.8,23.5
R10,2021,5,66.9,15.0
R10,2021,6,12.5,7.3
R10,2021,7,41.6,13.6
R10,2021,8,62.3,16.7
R10,2021,9,36.2,12.8
R10,2021,10,53.6,11.3
R10,2021,11,40.4,11.3
R10,2021,12,71.3,27.1
R10,2022,1,46.9,26.0
R10,2022,2,70.6,26.0
R10,2022,3,57.0,21.7
R10,2022,4,68.1,21.1
R10,2022,5,50.7,9.3
R10,2022,6,51.2,14.6
R10,2022,7,37.7,14.7
R10,2022,8,48.2,17.6
R10,2022,9,43.3,11.1
R10,2022,10,28.5,7.6
R10,2022,11,33.6,20.2
R10,2022,12,38.2,24.8
R10,2023,1,43.0,13.6
R10,2023,2,75.3,24.2
R10,2023,3,52.4,18.2
R10,2023,4,69.3,35.0
R10,2023,5,51.5,18.3
R10,2023,6,66.1,1.5
R10,2023,7,72.0,32.6
R10,2023,8,0.0,11.2
R10,2023,9,24.2,11.0
R10,2023,10,30.7,22.5
R10,2023,11,40.8,12.7
R10,2023,12,47.4,28.1
R10,2024,1,39.7,13.8
R10,2024,2,92.9,22.9
R10,2024,3,62.9,23.7
R10,2024,4,71.2,38.2
R10,2024,5,66.2,7.9
R10,2024,6,29.2,12.8
R10,2024,7,38.5,0.0
R10,2024,8,49.3,3.3
R10,2024,9,57.4,27.6
R10,2024,10,33.3,19.5
R10,2024,11,24.0,25.0
R10,2024,12,42.5,15.3
R10,2025,1,53.2,23.2
R10,2025,2,58.1,35.6
R10,2025,3,53.2,40.8
R10,2025,4,43.1,36.9
R10,2025,5,42.3,20.0
R10,2025,6,42.6,13.3
R10,2025,7,54.5,25.1
R10,2025,8,54.9,8.8
R10,2025,9,37.8,6.8
R10,2025,10,22.1,6.8
R10,2025,11,35.9,22.0
R10,2025,12,21.3,23.6
