region_id,year,month,risk_label,future_loss_index,response_action_code
R01,2019,1,LOW,0.0153,0
R01,2019,2,LOW,0.0786,0
R01,2019,3,LOW,0.1579,0
R01,2019,4,LOW,0.0975,0
R01,2019,5,LOW,0.3331,0
R01,2019,6,LOW,0.3308,0
R01,2019,7,MEDIUM,0.3474,1
R01,2019,8,LOW,0.1196,0
R01,2019,9,LOW,0.1578,0
R01,2019,10,LOW,0.1766,0
R01,2019,11,LOW,0.0327,0
R01,2019,12,LOW,0.029,0
R01,2020,1,LOW,0.029,0
R01,2020,2,LOW,0.053,0
R01,2020,3,LOW,0.2008,0
R01,2020,4,LOW,0.1127,0
R01,2020,5,LOW,0.2123,0
R01,2020,6,MEDIUM,0.3491,1
R01,2020,7,MEDIUM,0.5696,1
R01,2020,8,LOW,0.2405,0
R01,2020,9,LOW,0.1702,0
R01,2020,10,LOW,0.1759,0
R01,2020,11,LOW,0.0768,0
R01,2020,12,LOW,0.1268,0
R01,2021,1,LOW,0.0992,0
R01,2021,2,LOW,0.3266,0
R01,2021,3,LOW,0.0707,0
R01,2021,4,LOW,0.1736,0
R01,2021,5,LOW,0.2241,0
R01,2021,6,LOW,0.2656,0
R01,2021,7,LOW,0.1586,0
R01,2021,8,LOW,0.1692,0
R01,2021,9,LOW,0.3278,0
R01,2021,10,LOW,0.0506,0
R01,2021,11,LOW,0.2968,0
R01,2021,12,LOW,0.2237,0
R01,2022,1,LOW,0.2135,0
R01,2022,2,LOW,0.0512,0
R01,2022,3,LOW,0.0319,0
R01,2022,4,LOW,0.2429,0
R01,2022,5,LOW,0.3408,0
R01,2022,6,LOW,0.302,0
R01,2022,7,LOW,0.0612,0
R01,2022,8,LOW,0.3355,0
R01,2022,9,LOW,0.0256,0
R01,2022,10,LOW,0.1397,0
R01,2022,11,LOW,0.1426,0
R01,2022,12,LOW,0.1047,0
R01,2023,1,LOW,0.2057,0
R01,2023,2,LOW,0.0358,0
R01,2023,3,MEDIUM,0.5919,1
R01,2023,4,MEDIUM,0.5159,1
R01,2023,5,LOW,0.156,0
R01,2023,6,MEDIUM,0.4741,1
R01,2023,7,MEDIUM,0.3661,1
R01,2023,8,LOW,0.2868,0
R01,2023,9,LOW,0.0294,0
R01,2023,10,LOW,0.0346,0
R01,2023,11,LOW,0.1882,0
R01,2023,12,LOW,0.2381,0
R01,2024,1,LOW,0.3404,0
R01,2024,2,LOW,0.1218,0
R01,2024,3,LOW,0.1127,0
R01,2024,4,LOW,0.1776,0
R01,2024,5,LOW,0.0713,0
R01,2024,6,MEDIUM,0.4674,1
R01,2024,7,MEDIUM,0.3525,1
R01,2024,8,LOW,0.2116,0
R01,2024,9,LOW,0.3254,0
R01,2024,10,LOW,0.1467,0
R01,2024,11,LOW,0.273,0
R01,2024,12,LOW,0.1159,0
R01,2025,1,LOW,0.3099,0
R01,2025,2,LOW,0.015,0
R01,2025,3,LOW,0.1414,0
R01,2025,4,LOW,0.0884,0
R01,2025,5,MEDIUM,0.4671,1
R01,2025,6,MEDIUM,0.5243,1
R01,2025,7,MEDIUM,0.3213,1
R01,2025,8,LOW,0.2123,0
R01,2025,9,LOW,0.2601,0
R01,2025,10,LOW,0.1497,0
R01,2025,11,LOW,0.1697,0
R01,2025,12,LOW,0.0709,0
R02,2019,1,LOW,0.0112,0
R02,2019,2,LOW,0.197,0
R02,2019,3,LOW,0.0879,0
R02,2019,4,MEDIUM,0.5362,1
R02,2019,5,LOW,0.1977,0
R02,2019,6,LOW,0.2548,0
R02,2019,7,LOW,0.3076,0
R02,2019,8,LOW,0.2441,0
R02,2019,9,LOW,0.1978,0
R02,2019,10,LOW,0.1036,0
R02,2019,11,LOW,0.2816,0
R02,2019,12,LOW,0.0105,0
R02,2020,1,LOW,0.2809,0
R02,2020,2,LOW,0.0253,0
R02,2020,3,LOW,0.0984,0
R02,2020,4,LOW,0.314,0
R02,2020,5,MEDIUM,0.6308,1
R02,2020,6,MEDIUM,0.3126,1
R02,2020,7,LOW,0.1657,0
R02,2020,8,LOW,0.3068,0
R02,2020,9,LOW,0.0144,0
R02,2020,10,LOW,0.2459,0
R02,2020,11,LOW,0.1603,0
R02,2020,12,LOW,0.3369,0
R02,2021,1,LOW,0.2532,0
R02,2021,2,LOW,0.1866,0
R02,2021,3,LOW,0.1844,0
R02,2021,4,MEDIUM,0.5064,1
R02,2021,5,LOW,0.0326,0
R02,2021,6,MEDIUM,0.4046,1
R02,2021,7,LOW,0.0031,0
R02,2021,8,MEDIUM,0.4515,1
R02,2021,9,LOW,0.0224,0
R02,2021,10,LOW,0.242,0
R02,2021,11,LOW,0.037,0
R02,2021,12,LOW,0.2881,0
R02,2022,1,LOW,0.0284,0
R02,2022,2,LOW,0.1693,0
R02,2022,3,LOW,0.2803,0
R02,2022,4,LOW,0.1461,0
R02,2022,5,MEDIUM,0.6118,1
R02,2022,6,MEDIUM,0.5662,1
R02,2022,7,MEDIUM,0.4682,1
R02,2022,8,MEDIUM,0.364,1
R02,2022,9,LOW,0.1269,0
R02,2022,10,LOW,0.3485,0
R02,2022,11,LOW,0.3148,0
R02,2022,12,LOW,0.1418,0
R02,2023,1,LOW,0.1306,0
R02,2023,2,LOW,0.0981,0
R02,2023,3,MEDIUM,0.4873,1
R02,2023,4,MEDIUM,0.5163,1
R02,2023,5,MEDIUM,0.6159,1
R02,2023,6,LOW,0.0268,0
R02,2023,7,MEDIUM,0.668,1
R02,2023,8,MEDIUM,0.5752,1
R02,2023,9,LOW,0.1924,0
R02,2023,10,LOW,0.2468,0
R02,2023,11,LOW,0.1131,0
R02,2023,12,MEDIUM,0.6725,1
R02,2024,1,MEDIUM,0.3449,1
R02,2024,2,MEDIUM,0.5117,1
R02,2024,3,LOW,0.3355,0
R02,2024,4,MEDIUM,0.5058,1
R02,2024,5,MEDIUM,0.471,1
R02,2024,6,MEDIUM,0.3691,1
R02,2024,7,LOW,0.1721,0
R02,2024,8,LOW,0.1949,0
R02,2024,9,LOW,0.0862,0
R02,2024,10,LOW,0.0144,0
R02,2024,11,LOW,0.2944,0
R02,2024,12,LOW,0.2723,0
R02,2025,1,MEDIUM,0.6991,1
R02,2025,2,LOW,0.1742,0
R02,2025,3,LOW,0.1975,0
R02,2025,4,LOW,0.2751,0
R02,2025,5,LOW,0.0128,0
R02,2025,6,MEDIUM,0.5211,1
R02,2025,7,LOW,0.2181,0
R02,2025,8,LOW,0.0232,0
R02,2025,9,LOW,0.2221,0
R02,2025,10,MEDIUM,0.3796,1
R02,2025,11,LOW,0.2654,0
R02,2025,12,LOW,0.1833,0
R03,2019,1,LOW,0.042,0
R03,2019,2,LOW,0.0911,0
R03,2019,3,MEDIUM,0.6908,1
R03,2019,4,LOW,0.3337,0
R03,2019,5,MEDIUM,0.4477,1
R03,2019,6,MEDIUM,0.5557,1
R03,2019,7,MEDIUM,0.5864,1
R03,2019,8,LOW,0.2586,0
R03,2019,9,LOW,0.1086,0
R03,2019,10,LOW,0.0938,0
R03,2019,11,LOW,0.3312,0
R03,2019,12,LOW,0.1782,0
R03,2020,1,LOW,0.27,0
R03,2020,2,LOW,0.0138,0
R03,2020,3,MEDIUM,0.6404,1
R03,2020,4,MEDIUM,0.3228,1
R03,2020,5,LOW,0.1996,0
R03,2020,6,MEDIUM,0.5973,1
R03,2020,7,LOW,0.1151,0
R03,2020,8,LOW,0.1417,0
R03,2020,9,LOW,0.2939,0
R03,2020,10,LOW,0.3312,0
R03,2020,11,LOW,0.1563,0
R03,2020,12,LOW,0.1787,0
R03,2021,1,LOW,0.1304,0
R03,2021,2,MEDIUM,0.5311,1
R03,2021,3,MEDIUM,0.4456,1
R03,2021,4,MEDIUM,0.5642,1
R03,2021,5,LOW,0.0059,0
R03,2021,6,LOW,0.1871,0
R03,2021,7,LOW,0.0062,0
R03,2021,8,LOW,0.2825,0
R03,2021,9,HIGH,0.8943,2
R03,2021,10,LOW,0.1468,0
R03,2021,11,LOW,0.3207,0
R03,2021,12,LOW,0.1323,0
R03,2022,1,LOW,0.3445,0
R03,2022,2,LOW,0.1014,0
R03,2022,3,LOW,0.0555,0
R03,2022,4,MEDIUM,0.3766,1
R03,2022,5,MEDIUM,0.3179,1
R03,2022,6,MEDIUM,0.6897,1
R03,2022,7,LOW,0.1749,0
R03,2022,8,LOW,0.2648,0
R03,2022,9,LOW,0.0492,0
R03,2022,10,LOW,0.0825,0
R03,2022,11,LOW,0.2474,0
R03,2022,12,LOW,0.0512,0
R03,2023,1,LOW,0.0082,0
R03,2023,2,LOW,0.1939,0
R03,2023,3,MEDIUM,0.6398,1
R03,2023,4,MEDIUM,0.5501,1
R03,2023,5,MEDIUM,0.5862,1
R03,2023,6,MEDIUM,0.4579,1
R03,2023,7,MEDIUM,0.3587,1
R03,2023,8,MEDIUM,0.3956,1
R03,2023,9,LOW,0.2809,0
R03,2023,10,LOW,0.0474,0
R03,2023,11,LOW,0.2964,0
R03,2023,12,LOW,0.1636,0
R03,2024,1,LOW,0.0396,0
R03,2024,2,MEDIUM,0.3247,1
R03,2024,3,MEDIUM,0.6485,1
R03,2024,4,LOW,0.1414,0
R03,2024,5,MEDIUM,0.6427,1
R03,2024,6,MEDIUM,0.4531,1
R03,2024,7,LOW,0.0611,0
R03,2024,8,MEDIUM,0.6075,1
R03,2024,9,LOW,0.211,0
R03,2024,10,MEDIUM,0.6708,1
R03,2024,11,LOW,0.2174,0
R03,2024,12,LOW,0.0066,0
R03,2025,1,LOW,0.0119,0
R03,2025,2,MEDIUM,0.3137,1
R03,2025,3,MEDIUM,0.3182,1
R03,2025,4,MEDIUM,0.6525,1
R03,2025,5,MEDIUM,0.5465,1
R03,2025,6,MEDIUM,0.4856,1
R03,2025,7,MEDIUM,0.6045,1
R03,2025,8,MEDIUM,0.475,1
R03,2025,9,LOW,0.2948,0
R03,2025,10,LOW,0.047,0
R03,2025,11,LOW,0.2559,0
R03,2025,12,LOW,0.2707,0
R04,2019,1,LOW,0.1503,0
R04,2019,2,LOW,0.2822,0
R04,2019,3,MEDIUM,0.5676,1
R04,2019,4,LOW,0.0796,0
R04,2019,5,LOW,0.0596,0
R04,2019,6,MEDIUM,0.699,1
R04,2019,7,LOW,0.3127,0
R04,2019,8,LOW,0.2247,0
R04,2019,9,LOW,0.2508,0
R04,2019,10,LOW,0.0623,0
R04,2019,11,LOW,0.0948,0
R04,2019,12,LOW,0.0701,0
R04,2020,1,LOW,0.3382,0
R04,2020,2,LOW,0.0283,0
R04,2020,3,LOW,0.1088,0
R04,2020,4,LOW,0.3058,0
R04,2020,5,LOW,0.3204,0
R04,2020,6,LOW,0.1919,0
R04,2020,7,LOW,0.0283,0
R04,2020,8,LOW,0.3137,0
R04,2020,9,LOW,0.1027,0
R04,2020,10,LOW,0.2778,0
R04,2020,11,LOW,0.3293,0
R04,2020,12,LOW,0.0698,0
R04,2021,1,LOW,0.1195,0
R04,2021,2,LOW,0.0445,0
R04,2021,3,LOW,0.3101,0
R04,2021,4,MEDIUM,0.5637,1
R04,2021,5,MEDIUM,0.585,1
R04,2021,6,MEDIUM,0.5369,1
R04,2021,7,LOW,0.0658,0
R04,2021,8,LOW,0.15,0
R04,2021,9,LOW,0.1519,0
R04,2021,10,LOW,0.2403,0
R04,2021,11,LOW,0.0074,0
R04,2021,12,LOW,0.1112,0
R04,2022,1,LOW,0.3074,0
R04,2022,2,LOW,0.1715,0
R04,2022,3,MEDIUM,0.3314,1
R04,2022,4,MEDIUM,0.6662,1
R04,2022,5,MEDIUM,0.5572,1
R04,2022,6,LOW,0.2516,0
R04,2022,7,LOW,0.3321,0
R04,2022,8,LOW,0.1458,0
R04,2022,9,LOW,0.0374,0
R04,2022,10,LOW,0.0266,0
R04,2022,11,LOW,0.1991,0
R04,2022,12,LOW,0.1294,0
R04,2023,1,LOW,0.326,0
R04,2023,2,MEDIUM,0.6715,1
R04,2023,3,MEDIUM,0.5816,1
R04,2023,4,MEDIUM,0.4884,1
R04,2023,5,MEDIUM,0.6262,1
R04,2023,6,LOW,0.2832,0
R04,2023,7,MEDIUM,0.404,1
R04,2023,8,LOW,0.0525,0
R04,2023,9,LOW,0.0202,0
R04,2023,10,LOW,0.2746,0
R04,2023,11,LOW,0.2083,0
R04,2023,12,LOW,0.0522,0
R04,2024,1,LOW,0.2319,0
R04,2024,2,LOW,0.2492,0
R04,2024,3,LOW,0.058,0
R04,2024,4,MEDIUM,0.5351,1
R04,2024,5,MEDIUM,0.3066,1
R04,2024,6,MEDIUM,0.5219,1
R04,2024,7,LOW,0.2284,0
R04,2024,8,LOW,0.0417,0
R04,2024,9,LOW,0.2849,0
R04,2024,10,LOW,0.1376,0
R04,2024,11,LOW,0.0016,0
R04,2024,12,LOW,0.0089,0
R04,2025,1,LOW,0.0544,0
R04,2025,2,LOW,0.1814,0
R04,2025,3,LOW,0.0786,0
R04,2025,4,MEDIUM,0.4451,1
R04,2025,5,MEDIUM,0.6294,1
R04,2025,6,MEDIUM,0.401,1
R04,2025,7,LOW,0.1793,0
R04,2025,8,MEDIUM,0.5965,1
R04,2025,9,LOW,0.3445,0
R04,2025,10,LOW,0.2779,0
R04,2025,11,LOW,0.2533,0
R04,2025,12,LOW,0.0404,0
R05,2019,1,LOW,0.3343,0
R05,2019,2,LOW,0.2378,0
R05,2019,3,LOW,0.0731,0
R05,2019,4,MEDIUM,0.5005,1
R05,2019,5,MEDIUM,0.3264,1
R05,2019,6,MEDIUM,0.6186,1
R05,2019,7,LOW,0.0724,0
R05,2019,8,LOW,0.0356,0
R05,2019,9,LOW,0.0706,0
R05,2019,10,LOW,0.0598,0
R05,2019,11,LOW,0.069,0
R05,2019,12,LOW,0.2868,0
R05,2020,1,LOW,0.1284,0
R05,2020,2,LOW,0.0832,0
R05,2020,3,LOW,0.0737,0
R05,2020,4,HIGH,0.8866,2
R05,2020,5,MEDIUM,0.6079,1
R05,2020,6,MEDIUM,0.4126,1
R05,2020,7,LOW,0.0368,0
R05,2020,8,LOW,0.244,0
R05,2020,9,LOW,0.3464,0
R05,2020,10,LOW,0.3045,0
R05,2020,11,LOW,0.0248,0
R05,2020,12,LOW,0.022,0
R05,2021,1,LOW,0.1268,0
R05,2021,2,LOW,0.0898,0
R05,2021,3,LOW,0.1362,0
R05,2021,4,MEDIUM,0.3665,1
R05,2021,5,MEDIUM,0.6878,1
R05,2021,6,LOW,0.2205,0
R05,2021,7,LOW,0.1815,0
R05,2021,8,LOW,0.1252,0
R05,2021,9,LOW,0.3367,0
R05,2021,10,LOW,0.2566,0
R05,2021,11,LOW,0.0315,0
R05,2021,12,LOW,0.2827,0
R05,2022,1,LOW,0.2529,0
R05,2022,2,LOW,0.2009,0
R05,2022,3,LOW,0.3483,0
R05,2022,4,MEDIUM,0.6513,1
R05,2022,5,MEDIUM,0.5528,1
R05,2022,6,LOW,0.0321,0
R05,2022,7,LOW,0.0489,0
R05,2022,8,LOW,0.216,0
R05,2022,9,LOW,0.2763,0
R05,2022,10,LOW,0.066,0
R05,2022,11,LOW,0.2813,0
R05,2022,12,LOW,0.0498,0
R05,2023,1,LOW,0.1208,0
R05,2023,2,MEDIUM,0.5915,1
R05,2023,3,MEDIUM,0.4263,1
R05,2023,4,MEDIUM,0.3574,1
R05,2023,5,MEDIUM,0.6724,1
R05,2023,6,MEDIUM,0.5017,1
R05,2023,7,LOW,0.1196,0
R05,2023,8,LOW,0.1062,0
R05,2023,9,LOW,0.0612,0
R05,2023,10,MEDIUM,0.6952,1
R05,2023,11,LOW,0.0056,0
R05,2023,12,LOW,0.0165,0
R05,2024,1,LOW,0.3202,0
R05,2024,2,MEDIUM,0.684,1
R05,2024,3,MEDIUM,0.46,1
R05,2024,4,LOW,0.2898,0
R05,2024,5,MEDIUM,0.6451,1
R05,2024,6,MEDIUM,0.6009,1
R05,2024,7,MEDIUM,0.4014,1
R05,2024,8,MEDIUM,0.6232,1
R05,2024,9,MEDIUM,0.5896,1
R05,2024,10,LOW,0.2359,0
R05,2024,11,LOW,0.274,0
R05,2024,12,LOW,0.2607,0
R05,2025,1,LOW,0.1134,0
R05,2025,2,LOW,0.0805,0
R05,2025,3,MEDIUM,0.5476,1
R05,2025,4,MEDIUM,0.6435,1
R05,2025,5,MEDIUM,0.3188,1
R05,2025,6,MEDIUM,0.6366,1
R05,2025,7,MEDIUM,0.4573,1
R05,2025,8,MEDIUM,0.4329,1
R05,2025,9,MEDIUM,0.4907,1
R05,2025,10,MEDIUM,0.561,1
R05,2025,11,LOW,0.3383,0
R05,2025,12,LOW,0.2786,0
R06,2019,1,MEDIUM,0.5553,1
R06,2019,2,LOW,0.3112,0
R06,2019,3,MEDIUM,0.3623,1
R06,2019,4,MEDIUM,0.6845,1
R06,2019,5,MEDIUM,0.5135,1
R06,2019,6,MEDIUM,0.5121,1
R06,2019,7,MEDIUM,0.3694,1
R06,2019,8,MEDIUM,0.5565,1
R06,2019,9,LOW,0.1097,0
R06,2019,10,LOW,0.1771,0
R06,2019,11,LOW,0.0155,0
R06,2019,12,LOW,0.1356,0
R06,2020,1,LOW,0.1268,0
R06,2020,2,LOW,0.0265,0
R06,2020,3,MEDIUM,0.3662,1
R06,2020,4,MEDIUM,0.4521,1
R06,2020,5,MEDIUM,0.4855,1
R06,2020,6,MEDIUM,0.3605,1
R06,2020,7,MEDIUM,0.684,1
R06,2020,8,MEDIUM,0.5709,1
R06,2020,9,LOW,0.3429,0
R06,2020,10,LOW,0.0396,0
R06,2020,11,LOW,0.0041,0
R06,2020,12,LOW,0.1598,0
R06,2021,1,MEDIUM,0.6166,1
R06,2021,2,MEDIUM,0.6514,1
R06,2021,3,MEDIUM,0.3114,1
R06,2021,4,MEDIUM,0.4356,1
R06,2021,5,LOW,0.2454,0
R06,2021,6,LOW,0.3005,0
R06,2021,7,LOW,0.1524,0
R06,2021,8,LOW,0.1267,0
R06,2021,9,LOW,0.0461,0
R06,2021,10,LOW,0.2895,0
R06,2021,11,LOW,0.2001,0
R06,2021,12,LOW,0.3297,0
R06,2022,1,LOW,0.1081,0
R06,2022,2,LOW,0.3177,0
R06,2022,3,MEDIUM,0.6102,1
R06,2022,4,MEDIUM,0.3116,1
R06,2022,5,HIGH,0.6133,2
R06,2022,6,MEDIUM,0.6152,1
R06,2022,7,MEDIUM,0.6926,1
R06,2022,8,LOW,0.3122,0
R06,2022,9,LOW,0.346,0
R06,2022,10,LOW,0.2474,0
R06,2022,11,LOW,0.1556,0
R06,2022,12,LOW,0.2837,0
R06,2023,1,LOW,0.0456,0
R06,2023,2,MEDIUM,0.3642,1
R06,2023,3,MEDIUM,0.4711,1
R06,2023,4,MEDIUM,0.6231,1
R06,2023,5,MEDIUM,0.5816,1
R06,2023,6,MEDIUM,0.4455,1
R06,2023,7,LOW,0.0184,0
R06,2023,8,LOW,0.1801,0
R06,2023,9,LOW,0.0315,0
R06,2023,10,LOW,0.2352,0
R06,2023,11,LOW,0.1731,0
R06,2023,12,LOW,0.2849,0
R06,2024,1,LOW,0.0525,0
R06,2024,2,MEDIUM,0.4094,1
R06,2024,3,MEDIUM,0.4311,1
R06,2024,4,MEDIUM,0.6323,1
R06,2024,5,MEDIUM,0.565,1
R06,2024,6,MEDIUM,0.312,1
R06,2024,7,MEDIUM,0.5453,1
R06,2024,8,MEDIUM,0.3807,1
R06,2024,9,MEDIUM,0.3576,1
R06,2024,10,MEDIUM,0.4257,1
R06,2024,11,LOW,0.2741,0
R06,2024,12,LOW,0.3035,0
R06,2025,1,MEDIUM,0.5548,1
R06,2025,2,MEDIUM,0.457,1
R06,2025,3,MEDIUM,0.3911,1
R06,2025,4,MEDIUM,0.4633,1
R06,2025,5,MEDIUM,0.3402,1
R06,2025,6,MEDIUM,0.6228,1
R06,2025,7,MEDIUM,0.5995,1
R06,2025,8,MEDIUM,0.4278,1
R06,2025,9,MEDIUM,0.3534,1
R06,2025,10,MEDIUM,0.3644,1
R06,2025,11,MEDIUM,0.4629,1
R06,2025,12,LOW,0.089,0
R07,2019,1,MEDIUM,0.5358,1
R07,2019,2,MEDIUM,0.6913,1
R07,2019,3,MEDIUM,0.393,1
R07,2019,4,LOW,0.2532,0
R07,2019,5,LOW,0.2,0
R07,2019,6,MEDIUM,0.4892,1
R07,2019,7,LOW,0.2928,0
R07,2019,8,LOW,0.268,0
R07,2019,9,MEDIUM,0.4486,1
R07,2019,10,LOW,0.2882,0
R07,2019,11,LOW,0.1966,0
R07,2019,12,LOW,0.076,0
R07,2020,1,LOW,0.2042,0
R07,2020,2,LOW,0.1724,0
R07,2020,3,MEDIUM,0.6421,1
R07,2020,4,MEDIUM,0.3791,1
R07,2020,5,LOW,0.0524,0
R07,2020,6,MEDIUM,0.371,1
R07,2020,7,LOW,0.1494,0
R07,2020,8,LOW,0.0696,0
R07,2020,9,LOW,0.3063,0
R07,2020,10,LOW,0.1461,0
R07,2020,11,LOW,0.1022,0
R07,2020,12,LOW,0.3377,0
R07,2021,1,MEDIUM,0.4371,1
R07,2021,2,MEDIUM,0.5597,1
R07,2021,3,MEDIUM,0.5385,1
R07,2021,4,LOW,0.0926,0
R07,2021,5,MEDIUM,0.5355,1
R07,2021,6,MEDIUM,0.6479,1
R07,2021,7,MEDIUM,0.6504,1
R07,2021,8,MEDIUM,0.468,1
R07,2021,9,LOW,0.1125,0
R07,2021,10,LOW,0.2748,0
R07,2021,11,LOW,0.0514,0
R07,2021,12,LOW,0.349,0
R07,2022,1,LOW,0.1144,0
R07,2022,2,MEDIUM,0.377,1
R07,2022,3,LOW,0.1305,0
R07,2022,4,HIGH,0.8359,2
R07,2022,5,MEDIUM,0.6467,1
R07,2022,6,MEDIUM,0.6481,1
R07,2022,7,MEDIUM,0.3553,1
R07,2022,8,MEDIUM,0.6785,1
R07,2022,9,LOW,0.3015,0
R07,2022,10,LOW,0.3181,0
R07,2022,11,LOW,0.287,0
R07,2022,12,LOW,0.2736,0
R07,2023,1,MEDIUM,0.3894,1
R07,2023,2,LOW,0.009,0
R07,2023,3,MEDIUM,0.4858,1
R07,2023,4,MEDIUM,0.6154,1
R07,2023,5,MEDIUM,0.4401,1
R07,2023,6,MEDIUM,0.5975,1
R07,2023,7,MEDIUM,0.6762,1
R07,2023,8,MEDIUM,0.6368,1
R07,2023,9,MEDIUM,0.3729,1
R07,2023,10,MEDIUM,0.6956,1
R07,2023,11,LOW,0.0169,0
R07,2023,12,LOW,0.1607,0
R07,2024,1,LOW,0.1488,0
R07,2024,2,MEDIUM,0.3258,1
R07,2024,3,MEDIUM,0.6609,1
R07,2024,4,MEDIUM,0.6836,1
R07,2024,5,MEDIUM,0.3325,1
R07,2024,6,LOW,0.0397,0
R07,2024,7,MEDIUM,0.4728,1
R07,2024,8,LOW,0.3433,0
R07,2024,9,MEDIUM,0.6405,1
R07,2024,10,LOW,0.1062,0
R07,2024,11,LOW,0.1986,0
R07,2024,12,LOW,0.2877,0
R07,2025,1,LOW,0.081,0
R07,2025,2,MEDIUM,0.4964,1
R07,2025,3,MEDIUM,0.3433,1
R07,2025,4,MEDIUM,0.629,1
R07,2025,5,MEDIUM,0.4821,1
R07,2025,6,MEDIUM,0.6455,1
R07,2025,7,MEDIUM,0.5831,1
R07,2025,8,MEDIUM,0.3265,1
R07,2025,9,LOW,0.0557,0
R07,2025,10,LOW,0.1552,0
R07,2025,11,LOW,0.321,0
R07,2025,12,MEDIUM,0.3839,1
R08,2019,1,LOW,0.1236,0
R08,2019,2,MEDIUM,0.354,1
R08,2019,3,MEDIUM,0.3389,1
R08,2019,4,MEDIUM,0.333,1
R08,2019,5,MEDIUM,0.6488,1
R08,2019,6,MEDIUM,0.6393,1
R08,2019,7,LOW,0.2639,0
R08,2019,8,LOW,0.2389,0
R08,2019,9,LOW,0.1625,0
R08,2019,10,LOW,0.1213,0
R08,2019,11,LOW,0.3157,0
R08,2019,12,LOW,0.1387,0
R08,2020,1,LOW,0.291,0
R08,2020,2,LOW,0.0073,0
R08,2020,3,MEDIUM,0.447,1
R08,2020,4,MEDIUM,0.4888,1
R08,2020,5,MEDIUM,0.3801,1
R08,2020,6,MEDIUM,0.5254,1
R08,2020,7,MEDIUM,0.5455,1
R08,2020,8,MEDIUM,0.5989,1
R08,2020,9,LOW,0.024,0
R08,2020,10,MEDIUM,0.3845,1
R08,2020,11,LOW,0.0037,0
R08,2020,12,LOW,0.2837,0
R08,2021,1,LOW,0.1277,0
R08,2021,2,MEDIUM,0.37,1
R08,2021,3,MEDIUM,0.6128,1
R08,2021,4,MEDIUM,0.5003,1
R08,2021,5,MEDIUM,0.4575,1
R08,2021,6,MEDIUM,0.6701,1
R08,2021,7,MEDIUM,0.4411,1
R08,2021,8,LOW,0.3208,0
R08,2021,9,MEDIUM,0.4431,1
R08,2021,10,LOW,0.1957,0
R08,2021,11,LOW,0.1202,0
R08,2021,12,LOW,0.1679,0
R08,2022,1,LOW,0.2758,0
R08,2022,2,LOW,0.1698,0
R08,2022,3,HIGH,0.8031,2
R08,2022,4,MEDIUM,0.448,1
R08,2022,5,LOW,0.151,0
R08,2022,6,MEDIUM,0.5812,1
R08,2022,7,MEDIUM,0.4781,1
R08,2022,8,LOW,0.0666,0
R08,2022,9,LOW,0.0056,0
R08,2022,10,LOW,0.2946,0
R08,2022,11,LOW,0.3289,0
R08,2022,12,LOW,0.332,0
R08,2023,1,MEDIUM,0.3047,1
R08,2023,2,MEDIUM,0.3108,1
R08,2023,3,HIGH,0.6814,2
R08,2023,4,HIGH,0.6037,2
R08,2023,5,MEDIUM,0.3206,1
R08,2023,6,MEDIUM,0.3282,1
R08,2023,7,MEDIUM,0.4836,1
R08,2023,8,MEDIUM,0.6236,1
R08,2023,9,LOW,0.1161,0
R08,2023,10,MEDIUM,0.4548,1
R08,2023,11,LOW,0.2338,0
R08,2023,12,LOW,0.2171,0
R08,2024,1,MEDIUM,0.6007,1
R08,2024,2,MEDIUM,0.3438,1
R08,2024,3,MEDIUM,0.552,1
R08,2024,4,MEDIUM,0.4915,1
R08,2024,5,HIGH,0.6037,2
R08,2024,6,MEDIUM,0.4498,1
R08,2024,7,MEDIUM,0.4914,1
R08,2024,8,MEDIUM,0.3355,1
R08,2024,9,MEDIUM,0.3489,1
R08,2024,10,MEDIUM,0.6405,1
R08,2024,11,LOW,0.3477,0
R08,2024,12,LOW,0.0374,0
R08,2025,1,MEDIUM,0.6652,1
R08,2025,2,MEDIUM,0.4376,1
R08,2025,3,HIGH,0.8406,2
R08,2025,4,MEDIUM,0.3279,1
R08,2025,5,MEDIUM,0.3172,1
R08,2025,6,MEDIUM,0.3666,1
R08,2025,7,MEDIUM,0.3423,1
R08,2025,8,MEDIUM,0.3424,1
R08,2025,9,LOW,0.1936,0
R08,2025,10,LOW,0.0082,0
R08,2025,11,LOW,0.248,0
R08,2025,12,MEDIUM,0.5782,1
R09,2019,1,MEDIUM,0.6377,1
R09,2019,2,MEDIUM,0.3535,1
R09,2019,3,MEDIUM,0.3205,1
R09,2019,4,MEDIUM,0.6134,1
R09,2019,5,MEDIUM,0.5804,1
R09,2019,6,MEDIUM,0.5354,1
R09,2019,7,MEDIUM,0.594,1
R09,2019,8,MEDIUM,0.6636,1
R09,2019,9,MEDIUM,0.5703,1
R09,2019,10,MEDIUM,0.4248,1
R09,2019,11,MEDIUM,0.4139,1
R09,2019,12,LOW,0.1273,0
R09,2020,1,LOW,0.123,0
R09,2020,2,MEDIUM,0.6651,1
R09,2020,3,MEDIUM,0.3689,1
R09,2020,4,MEDIUM,0.365,1
R09,2020,5,MEDIUM,0.3715,1
R09,2020,6,MEDIUM,0.3137,1
R09,2020,7,MEDIUM,0.6971,1
R09,2020,8,LOW,0.0238,0
R09,2020,9,LOW,0.2159,0
R09,2020,10,LOW,0.2772,0
R09,2020,11,LOW,0.1214,0
R09,2020,12,LOW,0.0162,0
R09,2021,1,LOW,0.1108,0
R09,2021,2,MEDIUM,0.3233,1
R09,2021,3,MEDIUM,0.5177,1
R09,2021,4,HIGH,0.8497,2
R09,2021,5,MEDIUM,0.3384,1
R09,2021,6,MEDIUM,0.3887,1
R09,2021,7,MEDIUM,0.3014,1
R09,2021,8,LOW,0.2245,0
R09,2021,9,LOW,0.0613,0
R09,2021,10,LOW,0.0799,0
R09,2021,11,LOW,0.0965,0
R09,2021,12,LOW,0.2476,0
R09,2022,1,LOW,0.3492,0
R09,2022,2,MEDIUM,0.3163,1
R09,2022,3,MEDIUM,0.3431,1
R09,2022,4,HIGH,0.8706,2
R09,2022,5,MEDIUM,0.3239,1
R09,2022,6,HIGH,0.7275,2
R09,2022,7,HIGH,0.716,2
R09,2022,8,MEDIUM,0.6739,1
R09,2022,9,LOW,0.1512,0
R09,2022,10,MEDIUM,0.5078,1
R09,2022,11,LOW,0.3093,0
R09,2022,12,LOW,0.235,0
R09,2023,1,MEDIUM,0.5115,1
R09,2023,2,MEDIUM,0.674,1
R09,2023,3,HIGH,0.6516,2
R09,2023,4,MEDIUM,0.3816,1
R09,2023,5,HIGH,0.9043,2
R09,2023,6,HIGH,0.6706,2
R09,2023,7,MEDIUM,0.6814,1
R09,2023,8,MEDIUM,0.6455,1
R09,2023,9,MEDIUM,0.4449,1
R09,2023,10,LOW,0.034,0
R09,2023,11,MEDIUM,0.6815,1
R09,2023,12,MEDIUM,0.6244,1
R09,2024,1,MEDIUM,0.3268,1
R09,2024,2,MEDIUM,0.5093,1
R09,2024,3,HIGH,0.6042,2
R09,2024,4,HIGH,0.6114,2
R09,2024,5,HIGH,0.7587,2
R09,2024,6,MEDIUM,0.6394,1
R09,2024,7,MEDIUM,0.5218,1
R09,2024,8,MEDIUM,0.5471,1
R09,2024,9,MEDIUM,0.3515,1
R09,2024,10,LOW,0.1568,0
R09,2024,11,MEDIUM,0.3726,1
R09,2024,12,MEDIUM,0.5581,1
R09,2025,1,LOW,0.1767,0
R09,2025,2,MEDIUM,0.4503,1
R09,2025,3,MEDIUM,0.419,1
R09,2025,4,MEDIUM,0.4598,1
R09,2025,5,HIGH,0.9104,2
R09,2025,6,MEDIUM,0.6499,1
R09,2025,7,MEDIUM,0.4742,1
R09,2025,8,LOW,0.1696,0
R09,2025,9,MEDIUM,0.4423,1
R09,2025,10,MEDIUM,0.3825,1
R09,2025,11,MEDIUM,0.3025,1
R09,2025,12,MEDIUM,0.6991,1
R10,2019,1,LOW,0.1828,0
R10,2019,2,LOW,0.0279,0
R10,2019,3,MEDIUM,0.4048,1
R10,2019,4,MEDIUM,0.5948,1
R10,2019,5,MEDIUM,0.3637,1
R10,2019,6,MEDIUM,0.6631,1
R10,2019,7,MEDIUM,0.3602,1
R10,2019,8,LOW,0.0656,0
R10,2019,9,LOW,0.1985,0
R10,2019,10,LOW,0.2406,0
R10,2019,11,LOW,0.0416,0
R10,2019,12,MEDIUM,0.5982,1
R10,2020,1,LOW,0.3176,0
R10,2020,2,LOW,0.1259,0
R10,2020,3,LOW,0.1985,0
R10,2020,4,MEDIUM,0.4681,1
R10,2020,5,MEDIUM,0.49,1
R10,2020,6,MEDIUM,0.6212,1
R10,2020,7,MEDIUM,0.4053,1
R10,2020,8,MEDIUM,0.4561,1
R10,2020,9,LOW,0.2661,0
R10,2020,10,LOW,0.0398,0
R10,2020,11,LOW,0.0342,0
R10,2020,12,LOW,0.1794,0
R10,2021,1,MEDIUM,0.3244,1
R10,2021,2,LOW,0.1496,0
R10,2021,3,MEDIUM,0.4903,1
R10,2021,4,MEDIUM,0.412,1
R10,2021,5,MEDIUM,0.4067,1
R10,2021,6,LOW,0.1303,0
R10,2021,7,LOW,0.2852,0
R10,2021,8,LOW,0.0354,0
R10,2021,9,LOW,0.1536,0
R10,2021,10,LOW,0.2084,0
R10,2021,11,LOW,0.0688,0
R10,2021,12,LOW,0.0392,0
R10,2022,1,LOW,0.1221,0
R10,2022,2,MEDIUM,0.4912,1
R10,2022,3,LOW,0.2058,0
R10,2022,4,MEDIUM,0.6851,1
R10,2022,5,MEDIUM,0.6,1
R10,2022,6,MEDIUM,0.6531,1
R10,2022,7,MEDIUM,0.4589,1
R10,2022,8,LOW,0.1869,0
R10,2022,9,LOW,0.2242,0
R10,2022,10,LOW,0.2588,0
R10,2022,11,LOW,0.1083,0
R10,2022,12,LOW,0.0816,0
R10,2023,1,MEDIUM,0.5859,1
R10,2023,2,MEDIUM,0.3103,1
R10,2023,3,MEDIUM,0.6351,1
R10,2023,4,MEDIUM,0.514,1
R10,2023,5,MEDIUM,0.3212,1
R10,2023,6,MEDIUM,0.6718,1
R10,2023,7,LOW,0.039,0
R10,2023,8,MEDIUM,0.54,1
R10,2023,9,LOW,0.2746,0
R10,2023,10,LOW,0.0027,0
R10,2023,11,LOW,0.1795,0
R10,2023,12,MEDIUM,0.3039,1
R10,2024,1,LOW,0.0286,0
R10,2024,2,MEDIUM,0.4375,1
R10,2024,3,MEDIUM,0.5872,1
R10,2024,4,HIGH,0.602,2
R10,2024,5,MEDIUM,0.4203,1
R10,2024,6,MEDIUM,0.4856,1
R10,2024,7,MEDIUM,0.6212,1
R10,2024,8,MEDIUM,0.3344,1
R10,2024,9,LOW,0.1463,0
R10,2024,10,MEDIUM,0.368,1
R10,2024,11,LOW,0.1899,0
R10,2024,12,LOW,0.2282,0
R10,2025,1,LOW,0.2909,0
R10,2025,2,MEDIUM,0.5262,1
R10,2025,3,MEDIUM,0.3061,1
R10,2025,4,MEDIUM,0.5072,1
R10,2025,5,HIGH,0.8416,2
R10,2025,6,MEDIUM,0.4165,1
R10,2025,7,MEDIUM,0.3187,1
R10,2025,8,MEDIUM,0.6485,1
R10,2025,9,MEDIUM,0.6001,1
R10,2025,10,LOW,0.0304,0
R10,2025,11,LOW,0.3486,0
R10,2025,12,LOW,0.2912,0
