region_id,year,month,soil_moisture,soil_ph,vegetation_index
R01,2019,1,0.5474,7.49,0.6286
R01,2019,2,0.2839,7.55,0.6981
R01,2019,3,0.3916,6.41,0.6832
R01,2019,4,0.235,7.17,0.5542
R01,2019,5,0.2562,6.67,0.4075
R01,2019,6,0.3255,6.17,0.2079
R01,2019,7,0.3005,6.92,0.398
R01,2019,8,0.3489,6.44,0.4488
R01,2019,9,0.3945,6.36,0.3938
R01,2019,10,0.7425,5.73,0.55
R01,2019,11,0.3717,6.55,0.5316
R01,2019,12,0.3498,6.79,0.5919
R01,2020,1,0.3213,7.02,0.7935
R01,2020,2,0.6788,6.78,0.6345
R01,2020,3,0.5594,7.44,0.6884
R01,2020,4,0.187,6.7,0.544
R01,2020,5,0.05,6.83,0.6523
R01,2020,6,0.2768,7.34,0.3884
R01,2020,7,0.218,6.79,0.2684
R01,2020,8,0.1843,7.23,0.5073
R01,2020,9,0.2811,7.08,0.4163
R01,2020,10,0.5408,6.83,0.5994
R01,2020,11,0.5831,7.31,0.6059
R01,2020,12,0.6749,6.18,0.8458
R01,2021,1,0.6296,6.96,0.4892
R01,2021,2,0.4013,7.22,0.6586
R01,2021,3,0.1703,7.12,0.5206
R01,2021,4,0.4694,6.56,0.5205
R01,2021,5,0.3683,6.15,0.3257
R01,2021,6,0.1764,7.01,0.237
R01,2021,7,0.05,7.01,0.2897
R01,2021,8,0.2529,5.67,0.3022
R01,2021,9,0.3991,7.07,0.3479
R01,2021,10,0.6989,6.26,0.4317
R01,2021,11,0.7577,6.71,0.5198
R01,2021,12,0.5814,7.28,0.7765
R01,2022,1,0.4752,6.58,0.659
R01,2022,2,0.3817,6.57,0.6304
R01,2022,3,0.5368,7.2,0.5421
R01,2022,4,0.2743,6.93,0.4415
R01,2022,5,0.2974,6.56,0.3281
R01,2022,6,0.0852,7.32,0.3545
R01,2022,7,0.4236,6.34,0.3791
R01,2022,8,0.5871,6.07,0.1803
R01,2022,9,0.5544,6.19,0.4229
R01,2022,10,0.4297,6.73,0.4049
R01,2022,11,0.5516,6.82,0.4742
R01,2022,12,0.516,6.43,0.487
R01,2023,1,0.5225,6.66,0.61
R01,2023,2,0.4674,6.59,0.5643
R01,2023,3,0.4829,7.32,0.5286
R01,2023,4,0.3582,6.48,0.5365
R01,2023,5,0.4147,6.85,0.2477
R01,2023,6,0.2545,7.22,0.3479
R01,2023,7,0.3463,6.25,0.2014
R01,2023,8,0.3169,5.72,0.3461
R01,2023,9,0.5544,5.65,0.2971
R01,2023,10,0.3762,6.57,0.4634
R01,2023,11,0.7411,7.08,0.6245
R01,2023,12,0.6175,6.8,0.5437
R01,2024,1,0.6761,6.04,0.7335
R01,2024,2,0.6423,6.71,0.6123
R01,2024,3,0.448,5.5,0.6052
R01,2024,4,0.2864,6.57,0.5707
R01,2024,5,0.2178,6.03,0.4109
R01,2024,6,0.2081,6.66,0.3863
R01,2024,7,0.3515,6.06,0.3676
R01,2024,8,0.4548,5.73,0.3881
R01,2024,9,0.3298,6.41,0.3345
R01,2024,10,0.4797,7.52,0.3736
R01,2024,11,0.4329,5.95,0.7477
R01,2024,12,0.5445,6.59,0.5896
R01,2025,1,0.4599,6.48,0.8958
R01,2025,2,0.667,6.17,0.6947
R01,2025,3,0.3002,5.71,0.677
R01,2025,4,0.4392,7.12,0.453
R01,2025,5,0.2068,6.97,0.4641
R01,2025,6,0.1528,5.79,0.3815
R01,2025,7,0.3563,6.0,0.4139
R01,2025,8,0.3398,6.98,0.4573
R01,2025,9,0.3167,5.79,0.3716
R01,2025,10,0.6067,6.33,0.4306
R01,2025,11,0.3546,7.48,0.6576
R01,2025,12,0.6924,7.08,0.6876
R02,2019,1,0.5439,6.67,0.6072
R02,2019,2,0.8162,7.03,0.5835
R02,2019,3,0.4559,6.24,0.7255
R02,2019,4,0.2207,7.0,0.6066
R02,2019,5,0.273,6.8,0.4261
R02,2019,6,0.1932,6.46,0.3251
R02,2019,7,0.4043,6.7,0.2714
R02,2019,8,0.238,7.3,0.4377
R02,2019,9,0.4672,6.62,0.4823
R02,2019,10,0.4228,6.62,0.597
R02,2019,11,0.6781,6.26,0.4894
R02,2019,12,0.613,7.61,0.4383
R02,2020,1,0.6066,6.06,0.5866
R02,2020,2,0.4563,6.54,0.5765
R02,2020,3,0.4009,6.48,0.4288
R02,2020,4,0.3936,7.13,0.5843
R02,2020,5,0.05,6.9,0.4926
R02,2020,6,0.0763,6.75,0.3585
R02,2020,7,0.4479,7.71,0.1836
R02,2020,8,0.5993,6.29,0.4682
R02,2020,9,0.5165,6.25,0.4743
R02,2020,10,0.4871,7.03,0.5231
R02,2020,11,0.7168,6.79,0.5582
R02,2020,12,0.7315,7.04,0.7031
R02,2021,1,0.4935,6.23,0.5932
R02,2021,2,0.4255,7.14,0.7275
R02,2021,3,0.3814,7.47,0.7118
R02,2021,4,0.3292,6.34,0.6575
R02,2021,5,0.2195,6.81,0.391
R02,2021,6,0.0932,6.02,0.4334
R02,2021,7,0.1328,8.28,0.2414
R02,2021,8,0.1491,7.01,0.523
R02,2021,9,0.4078,7.04,0.2406
R02,2021,10,0.4187,6.21,0.3105
R02,2021,11,0.5872,5.63,0.4428
R02,2021,12,0.5355,6.33,0.6695
R02,2022,1,0.6099,7.2,0.7252
R02,2022,2,0.6369,6.75,0.6603
R02,2022,3,0.4614,6.82,0.5353
R02,2022,4,0.2601,6.34,0.5422
R02,2022,5,0.2155,6.42,0.3588
R02,2022,6,0.0548,7.24,0.378
R02,2022,7,0.1233,7.15,0.294
R02,2022,8,0.1312,7.26,0.3164
R02,2022,9,0.3509,6.77,0.5393
R02,2022,10,0.5024,6.15,0.5544
R02,2022,11,0.515,7.69,0.5749
R02,2022,12,0.3318,6.93,0.8244
R02,2023,1,0.7623,7.67,0.548
R02,2023,2,0.6095,6.39,0.6523
R02,2023,3,0.2472,6.43,0.5074
R02,2023,4,0.4078,7.15,0.5277
R02,2023,5,0.0647,6.59,0.3504
R02,2023,6,0.3044,7.34,0.4757
R02,2023,7,0.1362,5.5,0.1733
R02,2023,8,0.4706,6.55,0.295
R02,2023,9,0.5971,7.38,0.4274
R02,2023,10,0.4648,6.68,0.5227
R02,2023,11,0.7652,6.96,0.6476
R02,2023,12,0.7403,6.17,0.7054
R02,2024,1,0.5379,5.5,0.4372
R02,2024,2,0.3778,7.02,0.6413
R02,2024,3,0.4221,7.73,0.4481
R02,2024,4,0.2967,6.9,0.4264
R02,2024,5,0.2302,5.95,0.566
R02,2024,6,0.1182,7.77,0.3668
R02,2024,7,0.3502,6.72,0.3469
R02,2024,8,0.2299,6.81,0.4019
R02,2024,9,0.3059,6.69,0.364
R02,2024,10,0.776,6.71,0.6545
R02,2024,11,0.5497,6.88,0.4429
R02,2024,12,0.5464,6.86,0.7885
R02,2025,1,0.5998,7.44,0.7141
R02,2025,2,0.6953,6.72,0.8689
R02,2025,3,0.3418,6.37,0.454
R02,2025,4,0.5797,7.16,0.4666
R02,2025,5,0.3767,7.09,0.6216
R02,2025,6,0.05,6.62,0.3238
R02,2025,7,0.05,7.28,0.323
R02,2025,8,0.3888,7.93,0.3348
R02,2025,9,0.3495,6.81,0.5237
R02,2025,10,0.432,6.43,0.6057
R02,2025,11,0.6186,5.73,0.4525
R02,2025,12,0.7801,6.95,0.5537
R03,2019,1,0.5528,6.91,0.7236
R03,2019,2,0.337,6.48,0.6572
R03,2019,3,0.388,7.19,0.452
R03,2019,4,0.3429,7.45,0.5487
R03,2019,5,0.2435,6.85,0.3415
R03,2019,6,0.1914,7.53,0.3582
R03,2019,7,0.12,6.65,0.3701
R03,2019,8,0.2552,7.14,0.4224
R03,2019,9,0.5067,7.61,0.5246
R03,2019,10,0.3879,6.45,0.4924
R03,2019,11,0.5191,6.33,0.5308
R03,2019,12,0.5431,6.56,0.5983
R03,2020,1,0.7146,7.0,0.8972
R03,2020,2,0.5205,6.75,0.6303
R03,2020,3,0.4308,7.12,0.7827
R03,2020,4,0.1986,7.33,0.5208
R03,2020,5,0.05,7.29,0.5518
R03,2020,6,0.0971,6.9,0.1976
R03,2020,7,0.0757,7.42,0.3034
R03,2020,8,0.1669,7.01,0.3179
R03,2020,9,0.3435,7.27,0.3088
R03,2020,10,0.3914,6.98,0.5969
R03,2020,11,0.7218,6.57,0.6687
R03,2020,12,0.5059,7.81,0.5165
R03,2021,1,0.7326,6.57,0.8513
R03,2021,2,0.571,6.39,0.5777
R03,2021,3,0.4937,7.43,0.5679
R03,2021,4,0.3054,7.28,0.5132
R03,2021,5,0.0716,6.49,0.4485
R03,2021,6,0.3459,7.71,0.448
R03,2021,7,0.2613,7.27,0.2833
R03,2021,8,0.2816,6.49,0.2452
R03,2021,9,,6.99,0.4938
R03,2021,10,0.5655,7.02,0.5557
R03,2021,11,0.5681,7.11,0.5024
R03,2021,12,0.6444,7.23,0.5629
R03,2022,1,0.5794,6.59,0.5973
R03,2022,2,0.365,7.53,0.7365
R03,2022,3,0.4645,7.89,0.5561
R03,2022,4,0.6638,6.79,0.5255
R03,2022,5,0.1791,7.09,0.5086
R03,2022,6,0.1863,7.79,0.394
R03,2022,7,0.2593,6.45,0.3918
R03,2022,8,0.2839,6.6,0.2924
R03,2022,9,0.7206,6.77,0.2793
R03,2022,10,0.4162,6.87,0.5547
R03,2022,11,0.6398,7.24,0.5105
R03,2022,12,0.6409,6.46,0.5679
R03,2023,1,0.4631,6.31,0.7564
R03,2023,2,0.5826,7.39,0.6338
R03,2023,3,0.4932,6.02,0.6613
R03,2023,4,0.3213,7.21,0.538
R03,2023,5,0.1083,6.15,0.3538
R03,2023,6,0.2678,7.25,0.2333
R03,2023,7,0.1091,6.54,0.3143
R03,2023,8,0.1366,6.19,0.2879
R03,2023,9,0.4104,6.31,0.4134
R03,2023,10,0.627,6.25,0.4794
R03,2023,11,0.6962,6.69,0.5176
R03,2023,12,0.7396,6.75,0.7404
R03,2024,1,0.6247,6.73,0.698
R03,2024,2,0.5385,7.41,0.5751
R03,2024,3,0.4049,6.87,0.6454
R03,2024,4,0.177,7.41,0.5466
R03,2024,5,0.0688,7.5,0.6484
R03,2024,6,0.3202,7.61,0.3786
R03,2024,7,0.05,5.98,0.3755
R03,2024,8,0.229,6.44,0.3638
R03,2024,9,0.4739,6.17,0.3801
R03,2024,10,0.6812,6.36,0.587
R03,2024,11,0.515,7.17,0.6847
R03,2024,12,0.689,7.35,0.5147
R03,2025,1,0.7068,6.47,0.676
R03,2025,2,0.531,7.14,0.6636
R03,2025,3,0.2987,6.23,0.6622
R03,2025,4,0.3223,7.47,0.4955
R03,2025,5,0.0582,7.38,0.388
R03,2025,6,0.241,6.58,0.5345
R03,2025,7,0.1216,6.73,0.3607
R03,2025,8,0.1689,7.07,0.5313
R03,2025,9,0.3411,7.1,0.1501
R03,2025,10,0.4953,6.74,0.4182
R03,2025,11,0.703,6.74,0.5573
R03,2025,12,0.5547,5.94,0.5167
R04,2019,1,0.6885,6.0,0.5734
R04,2019,2,0.452,7.92,0.7068
R04,2019,3,0.3331,7.7,0.5009
R04,2019,4,0.4211,6.37,0.6073
R04,2019,5,0.1781,6.54,0.4033
R04,2019,6,0.2333,6.8,0.4255
R04,2019,7,0.1568,7.36,0.3942
R04,2019,8,0.2927,6.83,0.3853
R04,2019,9,0.466,8.08,0.5189
R04,2019,10,0.6171,8.59,0.5516
R04,2019,11,0.6314,7.4,0.4741
R04,2019,12,0.5467,6.8,0.6947
R04,2020,1,0.5523,7.12,0.7587
R04,2020,2,0.6036,6.97,0.5629
R04,2020,3,0.5362,7.44,0.4144
R04,2020,4,0.2624,7.13,0.5779
R04,2020,5,0.336,7.19,0.4835
R04,2020,6,0.2077,6.71,0.344
R04,2020,7,0.2291,7.03,0.1614
R04,2020,8,0.2523,7.08,0.342
R04,2020,9,0.3704,7.29,0.3171
R04,2020,10,0.3046,6.88,0.5764
R04,2020,11,0.7757,7.44,0.4282
R04,2020,12,0.5721,7.18,0.6477
R04,2021,1,0.6379,6.59,0.6565
R04,2021,2,0.5504,7.46,0.5493
R04,2021,3,0.3586,5.7,0.5129
R04,2021,4,0.2371,6.54,0.5166
R04,2021,5,0.2201,5.92,0.4466
R04,2021,6,0.0886,7.29,0.2419
R04,2021,7,0.2304,6.91,0.3803
R04,2021,8,0.315,6.92,0.2165
R04,2021,9,0.2227,6.76,0.4242
R04,2021,10,0.427,7.36,0.4721
R04,2021,11,0.4574,6.91,0.5976
R04,2021,12,0.639,7.99,0.563
R04,2022,1,0.5644,7.26,0.6477
R04,2022,2,0.4399,6.28,0.5788
R04,2022,3,0.2712,6.19,0.4954
R04,2022,4,0.1743,7.34,0.5601
R04,2022,5,0.1183,6.92,0.2392
R04,2022,6,0.1407,7.25,0.4526
R04,2022,7,0.1412,7.58,0.1984
R04,2022,8,0.1503,7.4,0.5372
R04,2022,9,0.4592,7.03,0.2055
R04,2022,10,0.2573,7.11,0.4642
R04,2022,11,0.4405,7.08,0.5865
R04,2022,12,0.7133,7.12,0.7527
R04,2023,1,0.5742,6.99,0.7564
R04,2023,2,0.3826,8.46,0.6674
R04,2023,3,0.4457,7.31,0.7627
R04,2023,4,0.3951,6.25,0.6403
R04,2023,5,0.1859,7.1,0.2971
R04,2023,6,0.2631,6.72,0.3801
R04,2023,7,0.1927,8.01,0.5482
R04,2023,8,0.3056,7.08,0.3328
R04,2023,9,0.5327,6.89,0.3829
R04,2023,10,0.6174,6.78,0.4962
R04,2023,11,0.3834,7.4,0.7691
R04,2023,12,0.6865,7.78,0.5453
R04,2024,1,0.6016,6.58,0.6272
R04,2024,2,0.5927,7.1,0.4886
R04,2024,3,0.2422,6.36,0.6241
R04,2024,4,0.5477,7.73,0.3104
R04,2024,5,0.3973,7.52,0.2705
R04,2024,6,0.1636,7.6,0.4251
R04,2024,7,0.0697,7.36,0.1362
R04,2024,8,0.2733,7.62,0.3719
R04,2024,9,0.3401,7.49,0.5225
R04,2024,10,0.6572,7.49,0.6081
R04,2024,11,0.6612,7.18,0.584
R04,2024,12,0.5715,6.44,0.5344
R04,2025,1,0.5394,7.17,0.7941
R04,2025,2,0.495,7.55,0.7378
R04,2025,3,0.3722,7.35,0.5506
R04,2025,4,0.4587,7.37,0.381
R04,2025,5,0.2462,7.87,0.4069
R04,2025,6,0.2537,7.32,0.2664
R04,2025,7,0.2881,6.35,0.2874
R04,2025,8,0.4291,7.23,0.3396
R04,2025,9,0.4536,7.02,0.4263
R04,2025,10,0.5788,6.69,0.504
R04,2025,11,0.5357,6.26,0.483
R04,2025,12,0.7882,7.24,0.4975
R05,2019,1,0.3884,7.14,0.8061
R05,2019,2,0.4776,7.85,0.6651
R05,2019,3,0.4566,6.53,0.6688
R05,2019,4,0.2598,7.63,0.4186
R05,2019,5,0.248,7.38,0.4096
R05,2019,6,0.2485,7.07,0.3052
R05,2019,7,0.4195,7.72,0.2739
R05,2019,8,0.3682,6.83,0.2516
R05,2019,9,0.5241,6.35,0.5177
R05,2019,10,0.4697,7.09,0.541
R05,2019,11,0.6429,6.79,0.6468
R05,2019,12,0.6136,6.57,0.6129
R05,2020,1,0.739,8.04,0.7217
R05,2020,2,0.3572,7.45,0.715
R05,2020,3,0.4871,7.59,0.6113
R05,2020,4,0.2913,6.9,0.3102
R05,2020,5,0.2676,7.29,0.4808
R05,2020,6,0.05,7.52,0.5756
R05,2020,7,0.2362,7.17,0.3809
R05,2020,8,0.5439,6.69,0.3904
R05,2020,9,0.304,6.93,0.42
R05,2020,10,0.6617,8.1,0.5448
R05,2020,11,0.528,8.45,0.5322
R05,2020,12,0.5315,6.31,0.7695
R05,2021,1,0.6894,8.41,0.511
R05,2021,2,0.675,7.24,0.7105
R05,2021,3,0.2023,7.93,0.6537
R05,2021,4,0.2953,7.52,0.4235
R05,2021,5,0.1573,6.97,0.2397
R05,2021,6,0.3034,7.8,0.3
R05,2021,7,0.2686,7.07,0.3828
R05,2021,8,0.2247,6.76,0.4753
R05,2021,9,0.3923,8.21,0.4296
R05,2021,10,0.3889,7.81,0.5631
R05,2021,11,0.6604,7.8,0.5097
R05,2021,12,0.5847,7.11,0.5008
R05,2022,1,0.5416,7.87,0.6737
R05,2022,2,0.3385,6.42,0.7964
R05,2022,3,0.3892,6.88,0.5476
R05,2022,4,0.1227,7.91,0.4607
R05,2022,5,0.3909,7.23,0.568
R05,2022,6,0.2308,7.63,0.442
R05,2022,7,0.3016,7.37,0.3267
R05,2022,8,0.5299,6.75,0.3705
R05,2022,9,0.4018,7.4,0.3821
R05,2022,10,0.5378,7.12,0.3418
R05,2022,11,0.5744,6.65,0.4016
R05,2022,12,0.6164,7.44,0.6826
R05,2023,1,0.6413,6.23,0.5139
R05,2023,2,0.7368,6.68,0.691
R05,2023,3,0.3176,7.24,0.5117
R05,2023,4,0.3674,7.27,0.4552
R05,2023,5,0.1008,7.33,0.3037
R05,2023,6,0.2513,8.51,0.5051
R05,2023,7,0.313,7.16,0.1561
R05,2023,8,0.1413,7.84,0.2911
R05,2023,9,0.3161,7.12,0.3188
R05,2023,10,0.3528,7.17,0.4108
R05,2023,11,0.4843,6.81,0.6272
R05,2023,12,0.5721,7.11,0.6896
R05,2024,1,0.5562,7.06,0.697
R05,2024,2,0.5802,7.13,0.638
R05,2024,3,0.3062,6.77,0.6519
R05,2024,4,0.3534,7.43,0.5281
R05,2024,5,0.2323,7.55,0.5185
R05,2024,6,0.3093,7.15,0.5088
R05,2024,7,0.2542,7.52,0.3782
R05,2024,8,0.3296,6.83,0.4402
R05,2024,9,0.7414,7.01,0.4321
R05,2024,10,0.4465,6.96,0.6544
R05,2024,11,0.4924,6.96,0.4163
R05,2024,12,0.5091,6.35,0.6931
R05,2025,1,0.9,7.02,0.4833
R05,2025,2,0.608,6.84,0.7598
R05,2025,3,0.3662,6.88,0.5572
R05,2025,4,0.3909,7.09,0.4503
R05,2025,5,0.2029,6.56,0.4647
R05,2025,6,0.05,6.98,0.446
R05,2025,7,0.2632,7.5,0.3435
R05,2025,8,0.4404,7.66,0.4147
R05,2025,9,0.5113,7.58,0.3811
R05,2025,10,0.3387,7.41,0.5546
R05,2025,11,0.7041,6.73,0.4844
R05,2025,12,0.6552,7.16,0.4413
R06,2019,1,0.6182,6.42,0.5555
R06,2019,2,0.6622,8.26,0.5083
R06,2019,3,0.3605,7.37,0.7531
R06,2019,4,0.2409,7.11,0.6549
R06,2019,5,0.1818,7.71,0.2773
R06,2019,6,0.1795,6.52,0.2646
R06,2019,7,0.3275,7.33,0.3181
R06,2019,8,0.2102,7.24,0.4002
R06,2019,9,0.5179,6.04,0.3418
R06,2019,10,0.5191,7.3,0.5403
R06,2019,11,0.6053,7.2,0.5223
R06,2019,12,0.5705,7.92,0.5567
R06,2020,1,0.5657,7.44,0.806
R06,2020,2,0.464,7.83,0.7531
R06,2020,3,0.3923,7.24,0.5421
R06,2020,4,0.2693,7.78,0.5231
R06,2020,5,0.255,6.79,0.3283
R06,2020,6,0.4572,7.26,0.2926
R06,2020,7,0.3985,7.49,0.4078
R06,2020,8,0.2834,7.19,0.3531
R06,2020,9,0.2341,7.31,0.4546
R06,2020,10,0.7221,7.39,0.2666
R06,2020,11,0.5619,8.72,0.6616
R06,2020,12,0.5027,7.65,0.5557
R06,2021,1,0.4107,7.18,0.6592
R06,2021,2,0.2753,6.78,0.6309
R06,2021,3,0.351,7.55,0.4535
R06,2021,4,0.3857,6.76,0.6643
R06,2021,5,0.05,6.8,0.4667
R06,2021,6,0.3997,7.51,0.4264
R06,2021,7,0.2289,6.84,0.301
R06,2021,8,0.1546,6.71,0.4103
R06,2021,9,0.2652,7.51,0.2948
R06,2021,10,0.5356,7.11,0.6407
R06,2021,11,0.6121,7.97,0.4994
R06,2021,12,0.6067,6.86,0.5885
R06,2022,1,0.5418,6.99,0.5284
R06,2022,2,0.3304,6.18,0.5243
R06,2022,3,0.4753,6.55,0.4382
R06,2022,4,0.5149,7.03,0.5321
R06,2022,5,0.3039,7.68,0.2728
R06,2022,6,0.1723,6.54,0.6147
R06,2022,7,0.05,6.83,0.2459
R06,2022,8,0.1204,8.03,0.6123
R06,2022,9,0.3429,6.69,0.2013
R06,2022,10,0.4707,7.19,0.4349
R06,2022,11,0.5998,7.55,0.6073
R06,2022,12,0.5621,6.8,0.6965
R06,2023,1,0.5747,7.79,0.729
R06,2023,2,0.3294,6.63,0.5543
R06,2023,3,0.2732,7.73,0.6101
R06,2023,4,0.4319,7.55,0.5209
R06,2023,5,0.3708,7.58,0.4318
R06,2023,6,0.3777,7.41,0.3397
R06,2023,7,0.1263,7.7,0.4737
R06,2023,8,0.2939,8.0,0.1731
R06,2023,9,0.3933,7.33,0.3523
R06,2023,10,0.7861,7.32,0.4592
R06,2023,11,0.5763,6.35,0.499
R06,2023,12,0.718,7.04,0.547
R06,2024,1,0.7303,8.02,0.7017
R06,2024,2,0.4454,7.23,0.5495
R06,2024,3,0.2806,6.83,0.5132
R06,2024,4,0.1758,6.57,0.5219
R06,2024,5,0.2549,8.2,0.3582
R06,2024,6,0.2355,7.51,0.3447
R06,2024,7,0.3161,7.74,0.3827
R06,2024,8,0.2693,7.17,0.2333
R06,2024,9,0.3033,7.04,0.3126
R06,2024,10,0.5528,7.95,0.4092
R06,2024,11,0.6072,6.83,0.5445
R06,2024,12,0.5172,7.65,0.562
R06,2025,1,0.6946,7.23,0.585
R06,2025,2,0.3496,7.48,0.7194
R06,2025,3,0.4328,8.47,0.718
R06,2025,4,0.2631,7.19,0.547
R06,2025,5,0.1262,7.93,0.4612
R06,2025,6,0.2308,7.69,0.5424
R06,2025,7,0.2473,7.29,0.5009
R06,2025,8,0.4161,7.19,0.3706
R06,2025,9,0.4234,14.0,0.2893
R06,2025,10,0.3149,6.91,0.4035
R06,2025,11,0.4959,7.67,0.5581
R06,2025,12,0.6236,6.74,0.5837
R07,2019,1,0.6437,7.8,0.5775
R07,2019,2,0.5194,8.6,0.6281
R07,2019,3,0.3168,7.41,0.5842
R07,2019,4,0.2819,7.48,0.3557
R07,2019,5,0.1113,7.43,0.4085
R07,2019,6,0.1321,7.41,0.3762
R07,2019,7,0.3335,7.45,0.3899
R07,2019,8,0.235,7.79,0.4077
R07,2019,9,0.5039,7.86,0.4839
R07,2019,10,0.4882,7.62,0.6064
R07,2019,11,0.495,7.19,0.5931
R07,2019,12,0.6498,7.09,0.6224
R07,2020,1,0.5619,6.39,0.628
R07,2020,2,0.4811,7.42,0.7715
R07,2020,3,0.2541,7.09,0.3138
R07,2020,4,0.2423,7.3,0.449
R07,2020,5,0.3597,7.93,0.4328
R07,2020,6,0.1555,8.01,0.3681
R07,2020,7,0.1286,6.64,0.3059
R07,2020,8,0.3906,8.64,0.3763
R07,2020,9,0.3082,6.91,0.4802
R07,2020,10,0.2882,7.78,0.5818
R07,2020,11,0.6256,7.39,0.6315
R07,2020,12,0.6205,7.11,0.8149
R07,2021,1,0.531,7.89,0.4081
R07,2021,2,0.6532,8.23,0.6329
R07,2021,3,0.4671,7.78,0.5107
R07,2021,4,0.3657,7.1,0.4391
R07,2021,5,0.362,7.99,0.3544
R07,2021,6,0.112,7.18,0.4434
R07,2021,7,0.1068,7.68,0.4247
R07,2021,8,0.2894,8.01,0.3397
R07,2021,9,0.3743,7.01,0.5267
R07,2021,10,0.408,7.67,0.4929
R07,2021,11,0.4469,7.2,0.7133
R07,2021,12,0.6242,7.0,0.6604
R07,2022,1,0.5557,9.0,0.6785
R07,2022,2,0.4543,8.21,0.4458
R07,2022,3,0.4113,8.5,0.5634
R07,2022,4,0.092,7.3,0.6455
R07,2022,5,0.2719,7.08,0.3565
R07,2022,6,0.1328,7.68,0.5039
R07,2022,7,0.3531,7.73,0.2168
R07,2022,8,0.1406,7.77,0.2355
R07,2022,9,0.3729,7.65,0.3112
R07,2022,10,0.3771,7.45,0.5504
R07,2022,11,0.7006,7.8,0.5824
R07,2022,12,0.5105,6.96,0.5788
R07,2023,1,0.6224,7.67,0.44
R07,2023,2,0.4057,8.1,0.6378
R07,2023,3,0.23,8.68,0.5721
R07,2023,4,0.3461,7.7,0.4632
R07,2023,5,0.1395,8.56,0.5253
R07,2023,6,0.2986,7.79,0.2698
R07,2023,7,0.3801,7.08,0.3783
R07,2023,8,0.1033,6.48,0.4019
R07,2023,9,0.3029,6.51,0.4791
R07,2023,10,0.7544,8.19,0.4743
R07,2023,11,0.5743,7.94,0.6872
R07,2023,12,0.5588,7.52,0.66
R07,2024,1,0.6397,7.43,0.638
R07,2024,2,0.6656,8.1,0.6776
R07,2024,3,0.6063,7.31,0.7373
R07,2024,4,0.3651,9.0,0.3808
R07,2024,5,0.1441,7.71,0.4647
R07,2024,6,0.434,7.17,0.4606
R07,2024,7,0.3663,7.85,0.2539
R07,2024,8,0.4689,8.11,0.4301
R07,2024,9,0.4245,7.61,0.4171
R07,2024,10,0.5769,7.52,0.4151
R07,2024,11,0.4474,7.12,0.5972
R07,2024,12,0.5968,7.61,0.68
R07,2025,1,0.4979,8.23,0.6232
R07,2025,2,0.448,7.74,0.4463
R07,2025,3,0.3051,7.99,0.4013
R07,2025,4,0.4341,8.26,0.4631
R07,2025,5,0.2618,8.06,0.3783
R07,2025,6,0.3041,7.16,0.3223
R07,2025,7,0.1309,7.67,0.4658
R07,2025,8,0.2779,6.86,0.2618
R07,2025,9,0.4474,8.42,0.4644
R07,2025,10,0.4536,7.88,0.4761
R07,2025,11,0.5278,7.02,0.7158
R07,2025,12,0.2953,7.9,0.5835
R08,2019,1,0.524,8.5,0.5786
R08,2019,2,0.4184,7.58,0.6713
R08,2019,3,0.347,6.86,0.4884
R08,2019,4,0.4538,7.69,0.5451
R08,2019,5,0.1954,7.32,0.5928
R08,2019,6,0.1774,7.43,0.4797
R08,2019,7,0.1401,7.35,0.351
R08,2019,8,0.3,7.78,0.5793
R08,2019,9,0.4403,6.46,0.4576
R08,2019,10,0.5045,7.67,0.5246
R08,2019,11,0.5698,7.62,0.6363
R08,2019,12,0.535,7.18,0.9323
R08,2020,1,0.4873,7.7,0.5004
R08,2020,2,0.514,7.18,0.5857
R08,2020,3,0.5254,7.89,0.6318
R08,2020,4,0.0875,8.57,0.3808
R08,2020,5,0.4102,8.16,0.4827
R08,2020,6,0.0974,7.73,0.323
R08,2020,7,0.2303,7.53,0.1461
R08,2020,8,0.4346,7.61,0.3216
R08,2020,9,0.3328,7.83,0.3356
R08,2020,10,0.2294,7.85,0.5519
R08,2020,11,0.5492,7.08,0.5839
R08,2020,12,0.4243,7.14,0.5548
R08,2021,1,0.6745,7.47,0.6052
R08,2021,2,0.7346,7.83,0.6638
R08,2021,3,0.3556,7.35,0.3564
R08,2021,4,0.4162,7.87,0.4821
R08,2021,5,0.2103,8.02,0.2695
R08,2021,6,0.1292,7.08,0.5472
R08,2021,7,0.3319,6.55,0.1986
R08,2021,8,0.2841,7.41,0.2377
R08,2021,9,0.6334,7.81,0.4725
R08,2021,10,0.417,8.01,0.462
R08,2021,11,0.5392,7.96,0.4121
R08,2021,12,0.7916,7.74,0.758
R08,2022,1,0.4442,7.19,0.5338
R08,2022,2,0.53,7.68,0.5835
R08,2022,3,0.2783,7.02,0.5702
R08,2022,4,0.2441,7.31,0.6547
R08,2022,5,0.2169,8.29,0.3717
R08,2022,6,0.2294,7.62,0.2003
R08,2022,7,0.3982,7.58,0.4246
R08,2022,8,0.2098,7.57,0.2834
R08,2022,9,0.5483,7.81,0.4617
R08,2022,10,0.663,8.23,0.5765
R08,2022,11,0.4026,7.3,0.4746
R08,2022,12,0.6873,7.74,0.4909
R08,2023,1,0.5506,6.9,0.6447
R08,2023,2,0.3014,7.91,0.6677
R08,2023,3,0.629,8.07,0.5327
R08,2023,4,0.3982,6.95,0.4038
R08,2023,5,0.2668,6.57,0.4213
R08,2023,6,0.0776,7.7,0.2623
R08,2023,7,0.2777,7.66,0.49
R08,2023,8,0.3008,7.27,0.3454
R08,2023,9,0.2387,7.85,0.484
R08,2023,10,0.7963,7.34,0.4732
R08,2023,11,0.5041,7.76,0.6132
R08,2023,12,0.5936,8.19,0.5682
R08,2024,1,0.6915,7.92,0.6488
R08,2024,2,0.4622,8.86,0.5482
R08,2024,3,0.4358,7.27,0.7536
R08,2024,4,0.4064,7.31,0.5513
R08,2024,5,0.2577,7.39,0.5008
R08,2024,6,0.2467,7.76,0.3659
R08,2024,7,0.2785,7.76,0.3559
R08,2024,8,0.2231,8.5,0.2651
R08,2024,9,0.4513,7.49,0.601
R08,2024,10,0.3916,7.28,0.403
R08,2024,11,0.612,6.96,0.5271
R08,2024,12,0.3417,7.77,0.5799
R08,2025,1,0.3946,8.19,0.5192
R08,2025,2,0.5956,7.3,0.7901
R08,2025,3,0.4899,7.15,0.4833
R08,2025,4,0.3727,7.52,0.4831
R08,2025,5,0.3795,7.28,0.4341
R08,2025,6,0.3146,8.05,0.3541
R08,2025,7,0.1921,6.78,0.2444
R08,2025,8,0.3382,7.58,0.3776
R08,2025,9,0.5247,7.06,0.4014
R08,2025,10,0.5226,7.3,0.6431
R08,2025,11,0.6822,7.8,0.7544
R08,2025,12,0.4201,7.65,0.6665
R09,2019,1,0.4635,7.95,0.5393
R09,2019,2,0.5829,8.33,0.6571
R09,2019,3,0.1777,7.32,0.6315
R09,2019,4,0.3025,6.45,0.6243
R09,2019,5,0.2432,7.39,0.5245
R09,2019,6,0.1187,7.46,0.4059
R09,2019,7,0.4405,8.61,0.386
R09,2019,8,0.3555,8.2,0.2444
R09,2019,9,0.4773,7.43,0.4568
R09,2019,10,0.4727,8.05,0.5118
R09,2019,11,0.2044,7.89,0.6392
R09,2019,12,0.6535,7.75,0.7941
R09,2020,1,0.6106,8.02,0.7544
R09,2020,2,0.5435,7.35,0.3861
R09,2020,3,0.3427,8.18,0.5397
R09,2020,4,0.3961,7.87,0.6288
R09,2020,5,0.1914,8.03,0.4756
R09,2020,6,0.3802,6.95,0.3243
R09,2020,7,0.3286,8.57,0.374
R09,2020,8,0.2649,8.18,0.457
R09,2020,9,0.3568,7.97,0.5431
R09,2020,10,0.7269,8.17,0.5044
R09,2020,11,0.5667,8.08,0.5634
R09,2020,12,0.6228,7.27,0.7596
R09,2021,1,0.4364,7.58,0.6598
R09,2021,2,0.7389,7.59,0.5633
R09,2021,3,0.3339,8.63,0.2938
R09,2021,4,0.1797,9.0,0.5591
R09,2021,5,0.0941,7.78,0.4317
R09,2021,6,0.3015,8.72,0.409
R09,2021,7,0.162,8.19,0.2802
R09,2021,8,0.176,6.92,0.2136
R09,2021,9,0.2924,7.21,0.4563
R09,2021,10,0.3561,6.23,0.3956
R09,2021,11,0.5166,7.5,0.727
R09,2021,12,0.5264,8.24,0.628
R09,2022,1,0.5681,7.38,0.6441
R09,2022,2,0.4082,7.89,0.6063
R09,2022,3,0.2866,8.3,0.6177
R09,2022,4,0.2462,7.87,0.4916
R09,2022,5,0.1227,7.84,0.3629
R09,2022,6,0.0866,6.99,0.3342
R09,2022,7,0.2948,7.45,0.6021
R09,2022,8,0.4063,8.45,0.4496
R09,2022,9,0.6223,7.41,0.1689
R09,2022,10,0.4465,8.08,0.5152
R09,2022,11,0.6063,8.46,0.6132
R09,2022,12,0.6959,7.33,0.5204
R09,2023,1,0.7669,7.85,0.5877
R09,2023,2,0.4254,7.48,0.559
R09,2023,3,0.246,7.05,0.5555
R09,2023,4,0.2288,8.35,0.5293
R09,2023,5,0.2586,7.43,0.4129
R09,2023,6,0.2433,8.16,0.3607
R09,2023,7,0.3563,7.8,0.4293
R09,2023,8,0.2412,6.89,0.3969
R09,2023,9,0.487,8.09,0.4672
R09,2023,10,0.4582,7.4,0.5552
R09,2023,11,0.6244,7.52,0.6859
R09,2023,12,0.4941,7.51,0.7935
R09,2024,1,0.6774,7.62,0.6787
R09,2024,2,0.5186,6.43,0.5393
R09,2024,3,0.3939,7.62,0.5997
R09,2024,4,0.4355,7.64,0.3942
R09,2024,5,0.2658,7.64,0.4094
R09,2024,6,0.165,8.92,0.146
R09,2024,7,0.1802,7.8,0.2719
R09,2024,8,0.408,8.21,0.3653
R09,2024,9,0.3675,7.74,0.4145
R09,2024,10,0.4906,7.71,0.5252
R09,2024,11,0.6636,7.18,0.4699
R09,2024,12,0.3902,8.23,0.6549
R09,2025,1,0.6338,7.09,0.8285
R09,2025,2,0.4269,7.88,0.7153
R09,2025,3,0.2816,7.53,0.5929
R09,2025,4,0.6429,7.95,0.6606
R09,2025,5,0.3715,7.98,0.3261
R09,2025,6,0.3272,7.05,0.5302
R09,2025,7,0.2508,6.47,0.3159
R09,2025,8,0.3785,7.68,0.4416
R09,2025,9,0.298,7.15,0.4179
R09,2025,10,0.5038,7.63,0.6227
R09,2025,11,0.4712,7.96,0.5818
R09,2025,12,0.4132,7.14,0.6311
R10,2019,1,0.8109,8.24,0.4774
R10,2019,2,0.1267,8.32,0.6203
R10,2019,3,0.537,7.51,0.61
R10,2019,4,0.4015,7.73,0.4574
R10,2019,5,0.2298,8.22,0.4236
R10,2019,6,0.3169,7.72,0.2373
R10,2019,7,0.464,7.65,0.2932
R10,2019,8,0.2921,7.98,0.3314
R10,2019,9,0.3979,7.93,0.4425
R10,2019,10,0.2171,8.89,0.4853
R10,2019,11,0.6429,7.26,0.5279
R10,2019,12,0.5193,8.68,0.5713
R10,2020,1,0.6642,7.62,0.6047
R10,2020,2,0.4705,8.59,0.4409
R10,2020,3,0.2421,6.98,0.4662
R10,2020,4,0.2026,7.14,0.4266
R10,2020,5,0.05,7.44,0.545
R10,2020,6,0.2484,8.04,0.2698
R10,2020,7,0.05,7.38,0.3457
R10,2020,8,0.4042,8.4,0.4332
R10,2020,9,0.3115,7.96,0.3929
R10,2020,10,0.4759,8.97,0.3238
R10,2020,11,0.545,8.56,0.4284
R10,2020,12,0.5228,7.69,0.6076
R10,2021,1,0.3817,8.25,0.7166
R10,2021,2,0.561,7.51,0.6386
R10,2021,3,0.2921,7.78,0.7903
R10,2021,4,0.3115,7.36,0.518
R10,2021,5,0.0646,7.35,0.3209
R10,2021,6,0.1467,8.42,0.4279
R10,2021,7,0.2896,7.4,0.2959
R10,2021,8,0.3326,7.64,0.3423
R10,2021,9,0.453,7.78,0.4476
R10,2021,10,0.6911,7.86,0.6179
R10,2021,11,0.6403,7.22,0.4648
R10,2021,12,0.5,7.52,0.6209
R10,2022,1,0.647,8.58,0.6808
R10,2022,2,0.4465,6.91,0.637
R10,2022,3,0.4031,8.04,0.7856
R10,2022,4,0.4489,8.34,0.4038
R10,2022,5,0.1652,7.9,0.3475
R10,2022,6,0.2601,8.13,0.2613
R10,2022,7,0.3704,8.0,0.1771
R10,2022,8,0.2938,8.09,0.4674
R10,2022,9,0.3595,8.36,0.4437
R10,2022,10,0.3422,7.24,0.6123
R10,2022,11,0.7167,8.11,0.7246
R10,2022,12,0.7268,8.29,0.5388
R10,2023,1,0.781,8.22,0.6114
R10,2023,2,0.4198,8.08,0.4628
R10,2023,3,0.484,7.47,0.6121
R10,2023,4,0.2374,7.82,0.4243
R10,2023,5,0.2074,8.89,0.5635
R10,2023,6,0.2425,7.94,0.4545
R10,2023,7,0.3624,7.54,0.3423
R10,2023,8,0.0814,8.51,0.5766
R10,2023,9,0.4096,6.89,0.4859
R10,2023,10,0.3915,7.62,0.5627
R10,2023,11,0.6038,7.71,0.51
R10,2023,12,0.6151,7.75,0.519
R10,2024,1,0.5333,8.12,0.6322
R10,2024,2,0.3304,8.44,0.356
R10,2024,3,0.3464,7.64,0.5898
R10,2024,4,0.3674,8.51,0.4288
R10,2024,5,0.2972,8.05,0.2538
R10,2024,6,0.4281,7.23,0.412
R10,2024,7,0.2736,8.09,0.3005
R10,2024,8,0.3993,7.17,0.3635
R10,2024,9,0.3323,7.61,0.4679
R10,2024,10,0.6293,7.78,0.5781
R10,2024,11,0.5792,7.5,0.5492
R10,2024,12,0.5641,7.6,0.6728
R10,2025,1,0.6014,7.15,0.4848
R10,2025,2,0.551,7.54,0.6601
R10,2025,3,0.4937,7.31,0.4338
R10,2025,4,0.5009,8.13,0.4581
R10,2025,5,0.1147,7.69,0.3059
R10,2025,6,0.306,7.56,0.4794
R10,2025,7,0.1787,7.43,0.3074
R10,2025,8,0.05,7.89,0.3531
R10,2025,9,0.499,7.01,0.5412
R10,2025,10,0.5985,8.58,0.4947
R10,2025,11,0.6949,7.21,0.6463
R10,2025,12,0.5075,7.12,0.5175
