region_id,year,month,temperature_c,rainfall_mm,humidity_pct
R01,2019,1,22.9,36.7,77.5
R01,2019,2,27.3,15.7,54.3
R01,2019,3,26.7,30.3,59.8
R01,2019,4,24.4,38.2,57.8
R01,2019,5,26.5,34.6,44.7
R01,2019,6,21.9,20.5,23.1
R01,2019,7,24.6,16.9,28.2
R01,2019,8,17.5,43.3,31.1
R01,2019,9,16.4,29.7,45.3
R01,2019,10,18.1,51.2,54.3
R01,2019,11,24.1,46.2,54.9
R01,2019,12,17.1,64.2,78.6
R01,2020,1,21.7,39.7,61.8
R01,2020,2,26.5,56.1,72.8
R01,2020,3,24.3,38.5,61.2
R01,2020,4,27.7,38.1,52.2
R01,2020,5,28.4,18.7,42.9
R01,2020,6,26.4,0.0,29.5
R01,2020,7,20.6,8.1,27.2
R01,2020,8,24.0,12.0,42.4
R01,2020,9,12.6,30.0,41.6
R01,2020,10,18.8,55.7,57.9
R01,2020,11,16.6,45.4,68.6
R01,2020,12,18.9,35.9,56.0
R01,2021,1,19.2,59.8,71.4
R01,2021,2,26.6,38.6,68.9
R01,2021,3,28.2,30.4,64.6
R01,2021,4,25.0,19.6,46.2
R01,2021,5,22.7,25.0,35.3
R01,2021,6,24.5,22.2,37.1
R01,2021,7,24.0,16.2,25.8
R01,2021,8,19.3,0.0,18.2
R01,2021,9,13.7,20.0,44.0
R01,2021,10,14.3,39.3,63.0
R01,2021,11,16.6,63.4,50.7
R01,2021,12,18.9,40.7,63.9
R01,2022,1,24.5,26.4,74.3
R01,2022,2,25.2,36.1,52.9
R01,2022,3,26.5,27.1,62.3
R01,2022,4,27.1,49.0,47.6
R01,2022,5,23.3,20.4,42.2
R01,2022,6,28.6,27.5,36.2
R01,2022,7,26.4,0.0,23.6
R01,2022,8,16.7,19.2,18.9
R01,2022,9,19.6,31.7,25.3
R01,2022,10,14.0,49.7,58.4
R01,2022,11,23.7,96.0,64.1
R01,2022,12,16.5,23.0,70.0
R01,2023,1,19.6,46.1,63.9
R01,2023,2,24.1,61.0,68.9
R01,2023,3,25.9,19.5,43.3
R01,2023,4,25.5,24.2,67.7
R01,2023,5,26.7,32.4,35.0
R01,2023,6,20.9,0.5,25.4
R01,2023,7,28.4,5.4,38.4
R01,2023,8,16.8,39.0,36.5
R01,2023,9,17.2,34.4,33.5
R01,2023,10,18.3,38.2,37.7
R01,2023,11,13.8,54.9,75.8
R01,2023,12,20.0,53.2,70.2
R01,2024,1,25.9,55.6,65.9
R01,2024,2,27.8,51.4,82.7
R01,2024,3,26.9,16.6,46.3
R01,2024,4,32.0,50.9,48.2
R01,2024,5,25.2,39.6,28.9
R01,2024,6,21.8,24.6,28.7
R01,2024,7,22.0,15.2,33.4
R01,2024,8,23.7,26.4,39.1
R01,2024,9,11.5,34.3,31.6
R01,2024,10,13.3,31.8,46.7
R01,2024,11,20.4,32.4,60.3
R01,2024,12,18.0,50.1,77.3
R01,2025,1,23.6,72.4,68.5
R01,2025,2,22.4,41.6,69.7
R01,2025,3,26.9,18.7,60.9
R01,2025,4,27.7,62.8,68.8
R01,2025,5,23.8,13.4,25.4
R01,2025,6,22.7,19.7,44.7
R01,2025,7,19.8,7.9,8.5
R01,2025,8,19.0,9.1,27.4
R01,2025,9,15.0,33.6,22.4
R01,2025,10,12.6,76.9,37.1
R01,2025,11,14.4,79.9,89.1
R01,2025,12,16.0,49.5,70.7
R02,2019,1,28.7,37.5,67.5
R02,2019,2,28.3,51.5,63.6
R02,2019,3,27.4,14.4,57.6
R02,2019,4,27.7,28.5,44.4
R02,2019,5,29.2,32.9,41.6
R02,2019,6,27.1,15.8,32.7
R02,2019,7,21.3,22.4,29.0
R02,2019,8,27.3,48.6,36.5
R02,2019,9,16.9,18.3,51.9
R02,2019,10,19.3,52.2,32.6
R02,2019,11,22.0,59.1,48.9
R02,2019,12,19.6,59.0,67.8
R02,2020,1,22.6,50.8,67.5
R02,2020,2,26.5,67.1,41.7
R02,2020,3,27.1,37.6,63.0
R02,2020,4,27.4,0.0,53.3
R02,2020,5,33.0,0.0,48.6
R02,2020,6,25.0,14.1,22.2
R02,2020,7,22.5,37.2,35.8
R02,2020,8,26.2,42.7,37.1
R02,2020,9,24.4,41.6,48.3
R02,2020,10,17.6,46.0,43.0
R02,2020,11,22.1,34.6,67.8
R02,2020,12,20.4,72.6,74.8
R02,2021,1,29.0,63.3,54.3
R02,2021,2,25.8,27.4,62.1
R02,2021,3,32.4,44.6,53.0
R02,2021,4,25.5,25.5,37.8
R02,2021,5,25.8,22.4,51.6
R02,2021,6,27.8,0.0,35.7
R02,2021,7,23.7,23.9,46.2
R02,2021,8,14.8,16.1,38.6
R02,2021,9,14.4,57.1,43.7
R02,2021,10,21.0,36.4,58.1
R02,2021,11,22.4,55.8,62.3
R02,2021,12,21.8,42.0,65.8
R02,2022,1,23.0,58.1,80.0
R02,2022,2,22.8,43.1,82.1
R02,2022,3,25.6,22.7,62.0
R02,2022,4,31.0,25.2,63.3
R02,2022,5,30.4,30.3,45.5
R02,2022,6,33.0,11.9,12.6
R02,2022,7,28.3,10.8,31.1
R02,2022,8,24.9,1.0,20.2
R02,2022,9,14.4,23.1,44.4
R02,2022,10,20.1,49.1,35.9
R02,2022,11,12.2,53.1,55.3
R02,2022,12,22.4,65.5,68.7
R02,2023,1,25.8,55.8,75.3
R02,2023,2,23.9,42.3,69.3
R02,2023,3,30.3,29.1,65.2
R02,2023,4,27.7,23.2,58.3
R02,2023,5,21.9,0.0,25.2
R02,2023,6,19.0,4.8,40.2
R02,2023,7,22.6,20.6,40.9
R02,2023,8,25.0,24.0,46.2
R02,2023,9,19.4,22.4,34.1
R02,2023,10,14.1,31.7,46.4
R02,2023,11,21.6,78.1,46.2
R02,2023,12,22.2,39.4,72.1
R02,2024,1,23.1,24.9,79.3
R02,2024,2,24.2,37.0,56.6
R02,2024,3,25.9,41.4,58.1
R02,2024,4,29.5,30.4,63.2
R02,2024,5,26.8,0.0,50.7
R02,2024,6,25.0,31.7,36.5
R02,2024,7,23.1,22.9,
R02,2024,8,27.2,26.0,34.3
R02,2024,9,22.4,22.3,43.3
R02,2024,10,18.4,49.7,41.7
R02,2024,11,14.4,21.2,48.8
R02,2024,12,19.6,50.6,86.7
R02,2025,1,26.8,37.9,73.5
R02,2025,2,24.8,40.7,69.2
R02,2025,3,29.7,29.9,70.6
R02,2025,4,25.1,25.1,76.0
R02,2025,5,28.5,39.2,40.9
R02,2025,6,27.7,14.1,31.0
R02,2025,7,21.2,24.1,21.5
R02,2025,8,23.0,41.3,36.3
R02,2025,9,18.3,41.8,36.9
R02,2025,10,21.3,17.5,46.6
R02,2025,11,13.2,29.9,73.6
R02,2025,12,23.7,44.2,52.3
R03,2019,1,16.1,44.2,94.2
R03,2019,2,28.8,36.6,72.0
R03,2019,3,24.6,30.5,61.0
R03,2019,4,29.7,36.9,53.4
R03,2019,5,31.3,7.4,49.0
R03,2019,6,32.4,0.4,23.8
R03,2019,7,29.0,14.8,44.0
R03,2019,8,21.2,46.8,34.0
R03,2019,9,21.4,58.5,36.4
R03,2019,10,17.2,38.3,54.5
R03,2019,11,16.0,61.9,54.6
R03,2019,12,25.9,19.1,59.5
R03,2020,1,19.9,39.9,72.5
R03,2020,2,27.0,41.2,65.7
R03,2020,3,29.9,19.9,67.1
R03,2020,4,32.0,30.8,55.6
R03,2020,5,30.2,48.2,39.1
R03,2020,6,26.6,3.7,22.4
R03,2020,7,21.3,4.3,29.3
R03,2020,8,23.5,25.8,25.0
R03,2020,9,23.4,46.1,38.4
R03,2020,10,18.0,53.2,51.9
R03,2020,11,16.3,51.3,62.6
R03,2020,12,19.8,57.8,52.8
R03,2021,1,29.0,71.0,67.5
R03,2021,2,28.6,8.9,55.8
R03,2021,3,28.4,18.9,67.1
R03,2021,4,36.0,7.4,41.6
R03,2021,5,30.0,41.8,27.8
R03,2021,6,28.2,42.3,16.2
R03,2021,7,21.2,11.3,24.8
R03,2021,8,24.9,28.6,14.9
R03,2021,9,22.2,26.3,52.7
R03,2021,10,18.1,35.5,55.4
R03,2021,11,23.0,59.0,43.1
R03,2021,12,24.1,39.5,69.7
R03,2022,1,20.7,59.0,61.9
R03,2022,2,23.7,55.7,69.7
R03,2022,3,27.5,56.8,55.6
R03,2022,4,30.1,29.0,43.8
R03,2022,5,30.7,9.7,35.9
R03,2022,6,31.6,0.0,8.6
R03,2022,7,29.8,55.9,25.9
R03,2022,8,16.7,20.3,29.8
R03,2022,9,20.1,18.3,45.8
R03,2022,10,21.6,22.6,57.0
R03,2022,11,26.8,54.9,56.6
R03,2022,12,22.1,64.2,50.0
R03,2023,1,25.5,46.5,88.5
R03,2023,2,27.0,70.0,56.3
R03,2023,3,31.1,39.8,51.3
R03,2023,4,30.5,43.2,46.8
R03,2023,5,24.3,17.4,31.0
R03,2023,6,26.5,13.8,15.6
R03,2023,7,20.2,24.9,24.8
R03,2023,8,14.8,36.8,35.4
R03,2023,9,18.5,15.2,48.4
R03,2023,10,21.0,80.7,54.2
R03,2023,11,21.8,49.8,68.2
R03,2023,12,24.4,73.8,62.1
R03,2024,1,23.7,45.1,77.9
R03,2024,2,32.0,38.1,63.1
R03,2024,3,30.3,31.3,69.5
R03,2024,4,23.2,12.6,42.2
R03,2024,5,22.4,3.2,30.8
R03,2024,6,26.9,31.7,30.2
R03,2024,7,21.9,16.8,40.5
R03,2024,8,19.6,11.3,38.3
R03,2024,9,20.0,44.7,39.9
R03,2024,10,22.1,29.5,49.9
R03,2024,11,20.0,34.1,44.4
R03,2024,12,24.6,49.7,57.1
R03,2025,1,24.7,69.2,47.2
R03,2025,2,23.0,31.2,81.9
R03,2025,3,30.2,46.5,48.6
R03,2025,4,26.6,31.7,50.6
R03,2025,5,31.0,14.9,42.8
R03,2025,6,28.0,26.7,40.7
R03,2025,7,20.1,0.0,40.0
R03,2025,8,26.1,9.7,14.1
R03,2025,9,21.0,49.0,58.0
R03,2025,10,21.5,39.4,41.1
R03,2025,11,20.7,47.8,49.8
R03,2025,12,28.6,81.8,78.7
R04,2019,1,23.7,65.1,76.4
R04,2019,2,30.3,63.7,73.7
R04,2019,3,33.1,44.6,63.4
R04,2019,4,26.1,26.3,44.4
R04,2019,5,27.0,42.9,57.3
R04,2019,6,33.1,18.8,46.2
R04,2019,7,26.5,20.7,19.1
R04,2019,8,25.2,25.9,19.7
R04,2019,9,22.0,33.8,58.0
R04,2019,10,24.2,45.2,52.5
R04,2019,11,22.3,49.3,49.2
R04,2019,12,23.5,43.8,54.8
R04,2020,1,28.0,58.2,52.1
R04,2020,2,28.6,59.9,77.9
R04,2020,3,33.9,35.6,51.5
R04,2020,4,28.2,30.2,53.8
R04,2020,5,34.7,34.2,38.7
R04,2020,6,25.3,10.2,34.9
R04,2020,7,25.9,9.0,32.5
R04,2020,8,22.5,15.6,35.8
R04,2020,9,21.0,38.7,42.7
R04,2020,10,18.1,37.8,64.4
R04,2020,11,18.7,20.6,41.4
R04,2020,12,24.1,55.5,66.1
R04,2021,1,30.1,12.2,74.0
R04,2021,2,33.7,28.1,63.5
R04,2021,3,28.6,21.6,56.7
R04,2021,4,35.8,52.6,46.6
R04,2021,5,36.5,18.2,57.5
R04,2021,6,28.7,17.0,36.3
R04,2021,7,36.0,30.4,22.9
R04,2021,8,26.9,19.6,27.8
R04,2021,9,24.9,35.5,42.8
R04,2021,10,21.5,50.0,54.2
R04,2021,11,16.4,62.3,50.2
R04,2021,12,19.7,54.1,68.2
R04,2022,1,24.4,64.8,56.6
R04,2022,2,27.8,36.2,66.9
R04,2022,3,31.7,19.9,67.2
R04,2022,4,31.7,0.0,30.4
R04,2022,5,30.8,14.4,39.0
R04,2022,6,28.9,18.4,42.2
R04,2022,7,23.2,0.1,19.1
R04,2022,8,24.9,43.7,28.4
R04,2022,9,14.7,9.4,31.7
R04,2022,10,19.8,38.9,50.4
R04,2022,11,21.2,68.1,53.2
R04,2022,12,21.4,62.2,52.0
R04,2023,1,27.7,53.9,68.5
R04,2023,1,27.7,53.9,68.5
R04,2023,2,33.8,35.7,87.9
R04,2023,3,30.2,15.8,60.7
R04,2023,4,28.3,13.7,54.0
R04,2023,5,32.5,8.3,49.9
R04,2023,6,32.5,36.5,38.0
R04,2023,7,30.6,0.0,26.8
R04,2023,8,21.4,26.8,27.0
R04,2023,9,21.7,63.2,38.3
R04,2023,10,22.7,41.5,50.8
R04,2023,11,22.2,59.0,71.7
R04,2023,12,28.9,59.6,73.2
R04,2024,1,23.0,51.0,79.4
R04,2024,2,31.6,48.2,76.2
R04,2024,3,32.3,53.0,62.9
R04,2024,4,30.4,30.0,20.7
R04,2024,5,32.0,0.0,22.8
R04,2024,6,30.4,22.2,21.1
R04,2024,7,24.4,38.2,25.2
R04,2024,8,30.7,25.0,36.8
R04,2024,9,27.0,37.0,30.0
R04,2024,10,21.2,44.5,36.4
R04,2024,11,21.4,41.2,69.2
R04,2024,12,24.1,50.8,66.3
R04,2025,1,27.2,61.6,60.0
R04,2025,2,25.9,61.6,63.2
R04,2025,3,26.6,41.7,64.6
R04,2025,4,26.9,28.4,57.4
R04,2025,5,32.0,27.2,26.0
R04,2025,6,30.0,10.5,27.9
R04,2025,7,29.1,39.9,47.9
R04,2025,8,27.9,23.4,36.2
R04,2025,9,24.5,36.8,41.3
R04,2025,10,24.0,44.1,42.7
R04,2025,11,20.9,61.8,60.0
R04,2025,12,25.0,65.1,63.6
R05,2019,1,30.3,58.0,57.7
R05,2019,2,34.8,37.5,50.8
R05,2019,3,29.2,19.7,60.5
R05,2019,4,32.2,19.9,56.2
R05,2019,5,33.3,22.4,44.1
R05,2019,6,32.3,0.0,29.0
R05,2019,7,21.5,18.2,30.0
R05,2019,8,28.6,42.8,34.7
R05,2019,9,22.2,42.3,34.7
R05,2019,10,23.0,59.8,44.4
R05,2019,11,26.1,62.5,50.5
R05,2019,12,28.4,65.5,68.3
R05,2020,1,25.7,39.4,64.6
R05,2020,2,32.1,30.7,71.7
R05,2020,3,28.6,31.9,61.1
R05,2020,4,40.3,4.3,64.7
R05,2020,5,32.8,23.8,41.2
R05,2020,6,31.8,12.7,47.2
R05,2020,7,26.6,34.7,23.6
R05,2020,8,25.3,8.9,37.2
R05,2020,9,28.0,33.8,38.0
R05,2020,10,19.7,41.6,34.1
R05,2020,11,20.9,55.7,73.2
R05,2020,12,33.9,46.2,81.7
R05,2021,1,28.7,50.1,74.3
R05,2021,2,30.7,46.7,63.2
R05,2021,3,28.1,11.8,66.5
R05,2021,4,32.2,16.1,50.1
R05,2021,5,34.7,20.4,33.4
R05,2021,6,34.2,38.7,37.6
R05,2021,7,30.9,36.3,41.3
R05,2021,8,27.3,34.0,37.9
R05,2021,9,20.4,45.5,26.4
R05,2021,10,20.6,64.6,58.4
R05,2021,11,28.1,48.2,48.5
R05,2021,12,24.8,56.5,68.1
R05,2022,1,31.4,46.9,73.5
R05,2022,2,27.5,51.8,67.4
R05,2022,3,30.1,31.5,58.2
R05,2022,4,32.2,51.6,49.0
R05,2022,5,31.6,0.0,31.1
R05,2022,6,29.7,4.7,46.5
R05,2022,7,27.5,37.0,30.6
R05,2022,8,25.6,23.7,32.7
R05,2022,9,28.8,0.2,20.0
R05,2022,10,21.4,45.2,56.9
R05,2022,11,25.1,46.6,70.2
R05,2022,12,28.6,57.8,76.9
R05,2023,1,28.8,43.9,77.0
R05,2023,2,30.8,45.0,82.1
R05,2023,3,25.0,13.7,48.1
R05,2023,4,31.9,21.2,34.9
R05,2023,5,29.4,4.8,64.6
R05,2023,6,35.9,8.8,29.0
R05,2023,7,24.6,0.0,28.8
R05,2023,8,22.5,23.7,16.7
R05,2023,9,21.4,37.2,43.7
R05,2023,10,24.3,25.2,58.5
R05,2023,11,21.3,61.8,59.9
R05,2023,12,21.4,50.3,71.0
R05,2024,1,29.8,50.2,85.3
R05,2024,2,33.5,41.2,74.8
R05,2024,3,38.1,64.4,47.7
R05,2024,4,30.2,47.3,39.4
R05,2024,5,28.4,-18.0,44.2
R05,2024,6,30.2,5.2,25.9
R05,2024,7,25.9,4.5,52.8
R05,2024,8,26.4,38.3,27.8
R05,2024,9,23.1,24.3,13.5
R05,2024,10,18.9,17.8,27.5
R05,2024,11,20.1,72.2,59.6
R05,2024,12,29.4,61.2,75.1
R05,2025,1,25.3,60.2,77.3
R05,2025,2,28.8,53.4,73.0
R05,2025,3,30.7,18.2,48.2
R05,2025,4,33.3,29.9,42.1
R05,2025,5,32.4,26.2,46.2
R05,2025,6,35.2,34.2,22.7
R05,2025,7,33.1,9.7,40.4
R05,2025,8,25.7,18.8,14.6
R05,2025,9,23.2,11.6,49.7
R05,2025,10,27.6,33.0,53.0
R05,2025,11,21.5,42.9,67.7
R05,2025,12,25.4,81.1,62.5
R06,2019,1,32.5,53.8,78.0
R06,2019,2,30.7,44.3,66.2
R06,2019,3,31.3,44.9,66.5
R06,2019,4,36.3,48.1,64.5
R06,2019,5,32.7,23.3,33.8
R06,2019,6,32.1,6.0,48.9
R06,2019,7,30.6,14.4,41.9
R06,2019,8,20.5,0.0,40.6
R06,2019,9,25.4,38.8,26.7
R06,2019,10,24.4,75.1,58.2
R06,2019,11,25.7,45.7,56.1
R06,2019,12,20.6,58.9,75.8
R06,2020,1,24.8,42.4,58.4
R06,2020,2,29.1,45.8,46.5
R06,2020,3,35.7,46.3,57.5
R06,2020,4,27.1,10.1,62.3
R06,2020,5,25.5,12.5,28.2
R06,2020,6,34.4,4.9,36.7
R06,2020,7,31.2,45.2,28.0
R06,2020,8,28.1,2.7,44.6
R06,2020,9,22.9,26.6,39.8
R06,2020,10,19.8,48.4,59.7
R06,2020,11,26.0,28.5,58.8
R06,2020,12,29.2,26.8,56.6
R06,2021,1,32.1,56.4,74.1
R06,2021,2,37.6,52.0,73.9
R06,2021,3,42.0,31.8,52.0
R06,2021,4,35.8,31.6,44.7
R06,2021,5,30.7,52.3,43.3
R06,2021,6,29.8,28.7,31.6
R06,2021,7,28.7,26.1,17.1
R06,2021,8,28.1,53.7,37.3
R06,2021,9,24.0,27.4,35.9
R06,2021,10,23.7,39.3,59.2
R06,2021,11,20.0,65.3,56.2
R06,2021,12,28.1,38.1,80.6
R06,2022,1,33.2,66.7,54.9
R06,2022,2,34.5,51.1,51.3
R06,2022,3,33.8,40.5,65.6
R06,2022,4,35.0,29.4,64.7
R06,2022,5,37.5,0.0,36.8
R06,2022,6,31.5,0.0,33.6
R06,2022,7,33.2,1.4,33.4
R06,2022,8,24.3,14.9,47.5
R06,2022,9,23.5,41.9,21.3
R06,2022,10,30.1,54.0,48.2
R06,2022,11,26.9,31.2,71.8
R06,2022,12,26.0,51.9,62.4
R06,2023,1,27.8,62.7,72.6
R06,2023,2,34.0,44.9,72.5
R06,2023,3,32.6,68.4,44.3
R06,2023,4,38.3,45.5,41.5
R06,2023,5,40.5,32.6,49.7
R06,2023,6,32.1,11.7,30.6
R06,2023,7,30.7,38.7,31.8
R06,2023,8,24.3,37.4,41.9
R06,2023,9,27.1,46.2,37.3
R06,2023,10,21.7,32.0,33.6
R06,2023,11,25.9,51.1,55.6
R06,2023,12,18.1,36.3,78.5
R06,2024,1,27.5,57.7,56.1
R06,2024,2,36.3,42.8,70.2
R06,2024,3,40.8,57.7,56.9
R06,2024,4,32.7,20.1,55.1
R06,2024,5,33.5,11.8,54.7
R06,2024,6,31.7,49.5,33.6
R06,2024,7,34.9,23.0,39.6
R06,2024,8,24.8,12.2,37.3
R06,2024,9,28.1,35.6,27.1
R06,2024,10,20.4,23.6,32.3
R06,2024,11,25.5,69.2,59.9
R06,2024,12,20.2,52.1,65.7
R06,2025,1,35.8,30.5,66.1
R06,2025,2,37.1,51.7,73.0
R06,2025,3,34.2,39.9,67.8
R06,2025,4,32.1,38.2,36.3
R06,2025,5,34.8,20.4,33.8
R06,2025,6,31.9,5.7,22.0
R06,2025,7,28.4,1.1,33.2
R06,2025,8,23.5,35.7,20.9
R06,2025,9,23.5,25.6,53.3
R06,2025,10,25.5,41.8,55.0
R06,2025,11,18.8,51.7,80.0
R06,2025,12,27.4,56.0,72.8
R07,2019,1,33.7,22.4,53.2
R07,2019,2,34.1,34.3,80.4
R07,2019,3,34.4,6.0,47.3
R07,2019,4,27.8,21.5,48.1
R07,2019,5,34.1,33.9,52.0
R07,2019,6,33.0,0.0,38.9
R07,2019,7,32.7,22.3,39.8
R07,2019,8,25.0,55.1,23.1
R07,2019,9,28.9,9.7,30.7
R07,2019,10,30.5,41.1,58.4
R07,2019,11,27.4,50.7,73.6
R07,2019,12,27.8,28.3,59.3
R07,2020,1,32.7,58.3,54.3
R07,2020,2,31.3,36.3,63.7
R07,2020,3,31.2,25.6,52.7
R07,2020,4,38.3,37.1,48.5
R07,2020,5,34.2,19.8,31.8
R07,2020,6,30.1,0.9,26.3
R07,2020,7,27.5,20.1,37.3
R07,2020,8,23.7,25.4,30.5
R07,2020,9,27.7,34.8,25.5
R07,2020,10,22.2,45.4,60.3
R07,2020,11,20.0,57.5,71.9
R07,2020,12,28.0,63.3,60.3
R07,2021,1,30.6,28.0,46.6
R07,2021,2,36.3,30.2,62.8
R07,2021,3,31.2,13.9,58.3
R07,2021,4,33.8,30.7,54.5
R07,2021,5,36.3,21.3,55.8
R07,2021,6,30.3,14.2,44.0
R07,2021,7,34.8,0.0,26.9
R07,2021,8,32.6,32.6,34.6
R07,2021,9,26.0,29.2,42.9
R07,2021,10,25.2,44.4,50.8
R07,2021,11,24.6,60.3,89.1
R07,2021,12,23.2,59.9,59.7
R07,2022,1,32.7,53.0,77.6
R07,2022,2,37.0,47.9,78.6
R07,2022,3,28.3,58.9,63.8
R07,2022,4,39.2,6.7,41.7
R07,2022,5,35.8,17.4,42.8
R07,2022,6,36.8,0.0,42.4
R07,2022,7,31.0,14.6,15.3
R07,2022,8,30.0,0.0,39.2
R07,2022,9,22.2,35.8,38.8
R07,2022,10,29.5,42.3,43.1
R07,2022,11,25.2,71.4,65.4
R07,2022,12,27.3,51.5,51.6
R07,2023,1,32.2,25.9,77.5
R07,2023,2,33.9,80.8,56.3
R07,2023,3,35.0,62.0,71.9
R07,2023,4,33.9,28.4,50.0
R07,2023,5,36.2,7.2,39.1
R07,2023,6,28.7,17.0,37.2
R07,2023,7,30.3,0.0,39.9
R07,2023,8,29.6,14.1,29.9
R07,2023,9,22.2,19.6,34.6
R07,2023,10,29.7,35.4,56.4
R07,2023,11,25.1,56.0,58.6
R07,2023,12,31.1,47.0,51.6
R07,2024,1,26.9,44.3,57.5
R07,2024,2,34.7,38.0,91.1
R07,2024,3,30.1,38.1,48.7
R07,2024,4,34.5,27.1,26.7
R07,2024,5,36.0,46.2,35.5
R07,2024,6,34.3,30.4,31.0
R07,2024,7,29.3,0.0,36.4
R07,2024,8,28.2,9.8,33.9
R07,2024,9,24.9,27.1,46.1
R07,2024,10,22.0,60.7,36.0
R07,2024,11,24.7,81.2,71.3
R07,2024,12,28.8,40.9,62.0
R07,2025,1,31.2,52.9,69.1
R07,2025,2,33.4,41.8,52.9
R07,2025,3,33.8,48.7,46.3
R07,2025,4,35.4,12.7,51.1
R07,2025,5,34.2,39.8,45.1
R07,2025,6,29.6,25.1,24.9
R07,2025,7,29.3,22.4,25.1
R07,2025,8,31.2,13.4,26.5
R07,2025,9,24.7,26.5,51.0
R07,2025,10,27.9,70.6,72.7
R07,2025,11,23.6,53.4,48.2
R07,2025,12,26.2,45.5,56.7
R08,2019,1,29.3,50.2,57.8
R08,2019,2,37.5,31.2,95.0
R08,2019,3,35.5,36.1,47.0
R08,2019,4,42.6,41.8,53.0
R08,2019,5,32.8,20.8,28.8
R08,2019,6,39.4,27.1,33.6
R08,2019,7,25.2,2.9,36.9
R08,2019,8,33.6,41.6,16.8
R08,2019,9,29.1,50.2,23.4
R08,2019,10,27.5,49.1,47.0
R08,2019,11,22.6,47.4,56.7
R08,2019,12,29.6,46.5,62.9
R08,2020,1,32.4,59.0,67.0
R08,2020,2,33.8,46.4,48.1
R08,2020,3,38.3,35.0,60.4
R08,2020,4,40.4,0.0,30.3
R08,2020,5,37.7,17.6,41.7
R08,2020,6,33.6,25.0,42.0
R08,2020,7,34.0,13.8,8.9
R08,2020,8,32.3,43.3,39.1
R08,2020,9,25.5,45.1,48.6
R08,2020,10,32.2,31.9,47.7
R08,2020,11,30.4,53.2,48.8
R08,2020,12,31.2,63.7,68.2
R08,2021,1,33.2,48.4,84.8
R08,2021,2,32.3,36.2,67.4
R08,2021,3,39.5,12.5,46.9
R08,2021,4,31.4,25.5,38.8
R08,2021,5,35.7,27.6,33.6
R08,2021,6,35.7,10.5,39.4
R08,2021,7,33.9,7.3,28.3
R08,2021,8,33.1,30.9,18.7
R08,2021,9,30.1,18.7,54.1
R08,2021,10,30.6,49.3,51.6
R08,2021,11,27.5,62.5,56.3
R08,2021,12,30.7,68.1,61.7
R08,2022,1,30.7,34.4,59.4
R08,2022,2,29.5,55.9,85.4
R08,2022,3,41.1,10.6,67.2
R08,2022,4,41.8,18.1,51.0
R08,2022,5,30.8,21.7,29.4
R08,2022,6,35.6,0.0,38.1
R08,2022,7,35.6,5.9,18.6
R08,2022,8,23.5,21.0,26.9
R08,2022,9,23.5,41.8,35.5
R08,2022,10,24.3,36.7,60.7
R08,2022,11,30.0,50.4,66.2
R08,2022,12,26.5,55.5,68.8
R08,2023,1,31.1,58.9,62.2
R08,2023,2,36.5,53.3,38.1
R08,2023,3,40.4,0.0,53.8
R08,2023,4,40.6,20.2,35.3
R08,2023,5,33.5,33.1,20.8
R08,2023,6,38.4,14.2,20.8
R08,2023,7,30.8,2.4,38.7
R08,2023,8,32.2,0.0,28.6
R08,2023,9,25.6,54.4,26.5
R08,2023,10,32.3,44.5,38.4
R08,2023,11,26.1,40.3,47.3
R08,2023,12,30.3,36.6,45.5
R08,2024,1,31.4,25.3,62.5
R08,2024,2,32.3,31.9,87.3
R08,2024,3,37.0,38.7,42.2
R08,2024,4,35.5,28.2,39.8
R08,2024,5,39.6,0.0,37.1
R08,2024,6,33.2,17.5,26.3
R08,2024,7,31.7,14.1,22.7
R08,2024,8,31.5,28.6,31.8
R08,2024,9,26.9,46.9,37.6
R08,2024,10,26.6,46.6,67.0
R08,2024,11,24.1,63.9,41.1
R08,2024,12,30.7,78.6,72.2
R08,2025,1,33.0,43.9,70.3
R08,2025,2,34.2,33.2,64.4
R08,2025,3,37.4,23.5,51.9
R08,2025,4,33.4,30.9,55.5
R08,2025,5,37.5,32.2,40.9
R08,2025,6,36.2,19.6,31.8
R08,2025,7,30.9,50.9,25.5
R08,2025,8,28.0,31.5,35.2
R08,2025,9,24.0,51.8,39.1
R08,2025,10,24.2,62.8,56.3
R08,2025,11,24.4,79.0,66.6
R08,2025,12,30.0,78.9,68.9
R09,2019,1,33.9,42.4,75.8
R09,2019,2,37.9,45.2,59.4
R09,2019,3,38.7,34.0,46.7
R09,2019,4,34.6,33.5,24.0
R09,2019,5,38.9,10.5,53.1
R09,2019,6,35.0,24.9,28.7
R09,2019,7,34.3,28.7,25.4
R09,2019,8,34.5,10.1,35.6
R09,2019,9,32.4,44.9,59.2
R09,2019,10,26.7,24.3,40.1
R09,2019,11,31.7,59.8,61.0
R09,2019,12,28.1,66.5,55.1
R09,2020,1,37.5,95.2,73.7
R09,2020,2,38.2,37.6,49.2
R09,2020,3,36.5,18.6,45.5
R09,2020,4,44.2,29.1,53.8
R09,2020,5,37.4,15.1,49.6
R09,2020,6,36.4,23.0,30.7
R09,2020,7,33.0,0.0,10.2
R09,2020,8,30.7,25.8,19.8
R09,2020,9,29.6,35.8,18.4
R09,2020,10,26.3,51.1,53.9
R09,2020,11,26.2,54.7,70.2
R09,2020,12,33.8,53.6,62.6
R09,2021,1,32.1,59.3,72.0
R09,2021,2,38.4,47.0,75.5
R09,2021,3,38.6,46.8,68.7
R09,2021,4,36.6,0.0,65.4
R09,2021,5,39.1,0.0,32.9
R09,2021,6,38.8,10.8,27.6
R09,2021,7,38.2,2.0,22.0
R09,2021,8,32.1,30.9,37.6
R09,2021,9,32.4,38.0,44.9
R09,2021,10,28.2,45.9,51.1
R09,2021,11,30.3,63.9,65.6
R09,2021,12,31.6,42.9,68.0
R09,2022,1,33.9,55.2,92.1
R09,2022,2,34.9,51.3,78.0
R09,2022,3,38.6,70.1,56.2
R09,2022,4,40.0,13.0,46.5
R09,2022,5,39.1,30.4,43.2
R09,2022,6,40.3,13.6,29.4
R09,2022,7,42.1,23.6,22.8
R09,2022,8,29.4,10.9,42.0
R09,2022,9,28.6,36.9,39.4
R09,2022,10,31.2,32.3,39.2
R09,2022,11,30.3,61.3,63.3
R09,2022,12,29.1,65.2,59.9
R09,2023,1,32.4,38.2,83.0
R09,2023,2,38.4,54.1,79.8
R09,2023,3,46.8,9.4,52.6
R09,2023,4,37.2,12.2,39.2
R09,2023,5,37.4,0.0,43.4
R09,2023,6,36.7,22.2,37.8
R09,2023,7,35.8,12.1,51.2
R09,2023,8,32.2,0.0,22.7
R09,2023,9,24.4,35.3,38.8
R09,2023,10,27.6,75.2,55.5
R09,2023,11,31.8,38.4,50.0
R09,2023,12,31.6,57.6,48.8
R09,2024,1,33.5,52.5,67.8
R09,2024,2,34.1,36.9,65.6
R09,2024,3,38.6,44.1,70.8
R09,2024,4,38.1,18.2,54.4
R09,2024,5,40.2,11.2,47.9
R09,2024,6,39.4,34.4,50.5
R09,2024,7,31.4,17.9,30.1
R09,2024,8,31.2,15.3,17.8
R09,2024,9,29.9,23.5,40.9
R09,2024,10,26.6,28.5,52.3
R09,2024,11,30.1,61.0,81.9
R09,2024,12,32.3,62.3,56.5
R09,2025,1,30.1,76.1,60.8
R09,2025,2,33.4,44.4,66.4
R09,2025,3,35.6,30.4,72.3
R09,2025,4,36.6,4.1,59.4
R09,2025,5,39.8,8.4,24.2
R09,2025,6,34.3,14.2,44.3
R09,2025,7,30.9,16.4,36.8
R09,2025,8,24.4,40.5,20.9
R09,2025,9,30.7,38.7,50.8
R09,2025,10,30.7,9.3,42.2
R09,2025,11,30.1,49.4,64.8
R09,2025,12,33.9,64.1,65.2
R10,2019,1,30.0,45.5,74.2
R10,2019,2,34.7,54.5,76.4
R10,2019,3,40.2,0.0,47.2
R10,2019,4,46.2,16.8,30.2
R10,2019,5,43.5,17.9,51.0
R10,2019,6,38.8,21.9,36.3
R10,2019,7,37.6,51.8,39.7
R10,2019,8,28.3,31.7,44.1
R10,2019,9,34.8,28.6,51.6
R10,2019,10,33.3,83.6,42.5
R10,2019,11,29.6,47.7,55.1
R10,2019,12,30.3,13.6,63.0
R10,2020,1,36.6,44.9,89.4
R10,2020,2,38.0,64.4,69.9
R10,2020,3,42.3,39.2,73.7
R10,2020,4,40.7,32.4,53.7
R10,2020,5,39.0,23.8,62.3
R10,2020,6,37.2,21.3,45.3
R10,2020,7,38.9,17.9,6.2
R10,2020,8,34.6,0.0,47.4
R10,2020,9,31.7,50.0,31.0
R10,2020,10,25.8,48.9,49.7
R10,2020,11,29.7,53.6,87.7
R10,2020,12,35.5,70.7,75.8
R10,2021,1,39.9,49.5,49.5
R10,2021,2,37.4,57.2,57.6
R10,2021,3,39.3,24.6,75.0
R10,2021,4,42.7,34.8,56.2
R10,2021,5,39.7,20.6,28.1
R10,2021,6,31.4,17.3,35.9
R10,2021,7,39.1,41.2,45.7
R10,2021,8,30.0,19.7,37.5
R10,2021,9,38.8,57.2,51.2
R10,2021,10,29.3,31.8,57.9
R10,2021,11,27.9,48.7,58.9
R10,2021,12,37.8,49.7,42.9
R10,2022,1,37.0,41.8,70.4
R10,2022,2,37.7,40.9,75.2
R10,2022,3,35.2,27.2,66.8
R10,2022,4,38.7,0.9,56.7
R10,2022,5,43.2,17.0,20.4
R10,2022,6,40.1,0.0,35.8
R10,2022,7,32.8,0.3,25.6
R10,2022,8,32.5,15.3,38.6
R10,2022,9,29.8,49.7,42.8
R10,2022,10,28.4,32.0,33.5
R10,2022,11,32.0,47.0,36.3
R10,2022,12,31.4,41.5,83.1
R10,2023,1,30.4,30.7,81.1
R10,2023,2,42.1,33.8,61.0
R10,2023,3,41.7,0.1,41.4
R10,2023,4,39.7,48.2,45.6
R10,2023,5,40.1,34.7,61.1
R10,2023,6,36.3,14.7,50.9
R10,2023,7,30.9,33.1,19.8
R10,2023,8,33.3,21.4,23.1
R10,2023,9,28.2,39.1,50.0
R10,2023,10,30.1,46.1,55.7
R10,2023,11,28.3,63.4,68.2
R10,2023,12,40.8,49.4,62.7
R10,2024,1,37.8,64.6,64.6
R10,2024,2,36.8,53.1,59.0
R10,2024,3,38.6,36.3,70.0
R10,2024,4,38.7,0.0,30.8
R10,2024,5,36.1,0.0,38.5
R10,2024,6,34.4,4.5,24.9
R10,2024,7,34.2,37.5,36.6
R10,2024,8,33.0,18.1,28.3
R10,2024,9,32.2,43.8,30.9
R10,2024,10,30.6,14.5,52.1
R10,2024,11,33.5,48.1,78.2
R10,2024,12,30.4,58.3,67.0
R10,2025,1,35.2,50.6,71.1
R10,2025,2,40.5,65.7,67.3
R10,2025,3,42.3,24.5,67.7
R10,2025,4,38.2,41.4,72.1
R10,2025,5,39.5,0.0,34.5
R10,2025,6,41.7,23.3,35.2
R10,2025,7,38.5,24.9,42.2
R10,2025,8,35.8,47.8,36.3
R10,2025,9,33.9,30.4,34.0
R10,2025,10,35.6,48.2,58.0
R10,2025,11,31.5,43.5,60.1
R10,2025,12,37.3,63.3,50.2
